{"v":"5.5.7","meta":{"g":"LottieFiles AE 0.1.20","a":"","k":"","d":"","tc":""},"fr":29.8999938964844,"ip":0,"op":60.9999875480116,"w":420,"h":420,"nm":"frame_10","ddd":0,"assets":[{"id":"comp_0","layers":[{"ddd":0,"ind":1,"ty":4,"nm":"alt_cerceve_1","sr":1,"ks":{"o":{"a":0,"k":100,"ix":11},"r":{"a":0,"k":0,"ix":10},"p":{"a":1,"k":[{"i":{"x":0.667,"y":1},"o":{"x":0.333,"y":0},"t":8,"s":[211.119,307.57,0],"to":[0,3.5,0],"ti":[0,-3.5,0]},{"t":11.9999975504285,"s":[211.119,328.57,0]}],"ix":2},"a":{"a":0,"k":[0,0,0],"ix":1},"s":{"a":0,"k":[100,100,100],"ix":6}},"ao":0,"shapes":[{"ty":"gr","it":[{"ind":0,"ty":"sh","ix":1,"ks":{"a":0,"k":{"i":[[0,0],[-9.343,-5.394],[0,0],[-9.343,5.394],[0,0],[0,10.788]],"o":[[0,10.788],[0,0],[9.343,5.394],[0,0],[9.343,-5.394],[0,0]],"v":[[-108.896,-35.477],[-93.797,-14.005],[-15.098,31.432],[15.099,31.432],[93.797,-14.005],[108.896,-35.477]],"c":false},"ix":2},"nm":"Path 1","mn":"ADBE Vector Shape - Group","hd":false},{"ty":"gs","o":{"a":0,"k":100,"ix":9},"w":{"a":0,"k":14.038,"ix":10},"g":{"p":9,"k":{"a":0,"k":[0.006,0.624,0.455,0.231,0.135,0.812,0.635,0.239,0.264,1,0.816,0.247,0.351,1,0.873,0.498,0.438,1,0.929,0.749,0.556,1,0.886,0.561,0.674,1,0.843,0.373,0.899,0.775,0.61,0.288,1,0.549,0.376,0.204],"ix":8}},"s":{"a":0,"k":[115.881,3.43],"ix":4},"e":{"a":0,"k":[-115.948,3.43],"ix":5},"t":1,"lc":1,"lj":1,"ml":10,"ml2":{"a":0,"k":10,"ix":13},"bm":0,"nm":"Gradient Stroke 1","mn":"ADBE Vector Graphic - G-Stroke","hd":false},{"ty":"tr","p":{"a":0,"k":[0,0],"ix":2},"a":{"a":0,"k":[0,0],"ix":1},"s":{"a":0,"k":[100,100],"ix":3},"r":{"a":0,"k":0,"ix":6},"o":{"a":0,"k":100,"ix":7},"sk":{"a":0,"k":0,"ix":4},"sa":{"a":0,"k":0,"ix":5},"nm":"Transform"}],"nm":"Group 1","np":2,"cix":2,"bm":0,"ix":1,"mn":"ADBE Vector Group","hd":false}],"ip":7.99999836695234,"op":152.999968767964,"st":-6.9999985710833,"bm":0},{"ddd":0,"ind":2,"ty":4,"nm":"alt_cerceve_2","sr":1,"ks":{"o":{"a":0,"k":100,"ix":11},"r":{"a":0,"k":0,"ix":10},"p":{"a":1,"k":[{"i":{"x":0.667,"y":1},"o":{"x":0.333,"y":0},"t":12,"s":[211.506,303.856,0],"to":[0,5.167,0],"ti":[0,-5.167,0]},{"t":15.9999967339047,"s":[211.506,334.856,0]}],"ix":2},"a":{"a":0,"k":[0,0,0],"ix":1},"s":{"a":0,"k":[100,100,100],"ix":6}},"ao":0,"shapes":[{"ty":"gr","it":[{"ind":0,"ty":"sh","ix":1,"ks":{"a":0,"k":{"i":[[0,0],[0,0],[-9.343,-5.394],[0,0],[-9.343,5.394],[0,0],[0,10.788],[0,0]],"o":[[0,0],[0,10.788],[0,0],[9.343,5.394],[0,0],[9.343,-5.394],[0,0],[0,0]],"v":[[-109.283,-43.229],[-109.283,-32.405],[-94.185,-6.253],[-15.486,39.184],[14.711,39.184],[93.41,-6.253],[108.508,-32.404],[109.283,-43.229]],"c":false},"ix":2},"nm":"Path 1","mn":"ADBE Vector Shape - Group","hd":false},{"ty":"gs","o":{"a":0,"k":100,"ix":9},"w":{"a":0,"k":14.038,"ix":10},"g":{"p":9,"k":{"a":0,"k":[0.006,0.624,0.455,0.231,0.084,0.812,0.635,0.239,0.162,1,0.816,0.247,0.331,1,0.873,0.498,0.5,1,0.929,0.749,0.672,1,0.886,0.561,0.844,1,0.843,0.373,0.951,0.775,0.61,0.288,1,0.549,0.376,0.204],"ix":8}},"s":{"a":0,"k":[115.494,3.144],"ix":4},"e":{"a":0,"k":[-117.093,3.144],"ix":5},"t":1,"lc":1,"lj":1,"ml":10,"ml2":{"a":0,"k":10,"ix":13},"bm":0,"nm":"Gradient Stroke 1","mn":"ADBE Vector Graphic - G-Stroke","hd":false},{"ty":"tr","p":{"a":0,"k":[0,0],"ix":2},"a":{"a":0,"k":[0,0],"ix":1},"s":{"a":0,"k":[100,100],"ix":3},"r":{"a":0,"k":0,"ix":6},"o":{"a":0,"k":100,"ix":7},"sk":{"a":0,"k":0,"ix":4},"sa":{"a":0,"k":0,"ix":5},"nm":"Transform"}],"nm":"Group 1","np":2,"cix":2,"bm":0,"ix":1,"mn":"ADBE Vector Group","hd":false}],"ip":11.9999975504285,"op":152.999968767964,"st":-6.9999985710833,"bm":0},{"ddd":0,"ind":3,"ty":4,"nm":"apolet 2","sr":1,"ks":{"o":{"a":0,"k":100,"ix":11},"r":{"a":0,"k":0,"ix":10},"p":{"a":1,"k":[{"i":{"x":0.667,"y":1},"o":{"x":0.333,"y":0},"t":12,"s":[107.856,148.609,0],"to":[-1.667,-2,0],"ti":[1.667,2,0]},{"t":15.9999967339047,"s":[97.856,136.609,0]}],"ix":2},"a":{"a":0,"k":[0,0,0],"ix":1},"s":{"a":0,"k":[-100,100,100],"ix":6}},"ao":0,"shapes":[{"ty":"gr","it":[{"ind":0,"ty":"sh","ix":1,"ks":{"a":0,"k":{"i":[[0,0],[0,0],[10.137,5.852],[0,0]],"o":[[0,0],[0,-11.705],[0,0],[0,0]],"v":[[26.01,45.051],[26.01,3.899],[9.629,-24.475],[-26.01,-45.051]],"c":false},"ix":2},"nm":"Path 1","mn":"ADBE Vector Shape - Group","hd":false},{"ty":"gs","o":{"a":0,"k":100,"ix":9},"w":{"a":0,"k":23.397,"ix":10},"g":{"p":9,"k":{"a":0,"k":[0.006,0.624,0.455,0.231,0.153,0.812,0.635,0.239,0.3,1,0.816,0.247,0.369,1,0.873,0.498,0.438,1,0.929,0.749,0.556,1,0.886,0.561,0.674,1,0.843,0.373,0.899,0.775,0.61,0.288,1,0.549,0.376,0.204],"ix":8}},"s":{"a":0,"k":[-32.794,-58.861],"ix":4},"e":{"a":0,"k":[39.643,54.81],"ix":5},"t":1,"lc":2,"lj":1,"ml":10,"ml2":{"a":0,"k":10,"ix":13},"bm":0,"nm":"Gradient Stroke 1","mn":"ADBE Vector Graphic - G-Stroke","hd":false},{"ty":"tr","p":{"a":0,"k":[0,0],"ix":2},"a":{"a":0,"k":[0,0],"ix":1},"s":{"a":0,"k":[100,100],"ix":3},"r":{"a":0,"k":0,"ix":6},"o":{"a":0,"k":100,"ix":7},"sk":{"a":0,"k":0,"ix":4},"sa":{"a":0,"k":0,"ix":5},"nm":"Transform"}],"nm":"Group 1","np":2,"cix":2,"bm":0,"ix":1,"mn":"ADBE Vector Group","hd":false}],"ip":11.9999975504285,"op":152.999968767964,"st":11.9999975504285,"bm":0},{"ddd":0,"ind":4,"ty":4,"nm":"apolet","sr":1,"ks":{"o":{"a":0,"k":100,"ix":11},"r":{"a":0,"k":0,"ix":10},"p":{"a":1,"k":[{"i":{"x":0.667,"y":1},"o":{"x":0.333,"y":0},"t":12,"s":[312.856,146.609,0],"to":[1.667,-1.667,0],"ti":[-1.667,1.667,0]},{"t":15.9999967339047,"s":[322.856,136.609,0]}],"ix":2},"a":{"a":0,"k":[0,0,0],"ix":1},"s":{"a":0,"k":[100,100,100],"ix":6}},"ao":0,"shapes":[{"ty":"gr","it":[{"ind":0,"ty":"sh","ix":1,"ks":{"a":0,"k":{"i":[[0,0],[0,0],[10.137,5.852],[0,0]],"o":[[0,0],[0,-11.705],[0,0],[0,0]],"v":[[26.01,45.051],[26.01,3.899],[9.629,-24.475],[-26.01,-45.051]],"c":false},"ix":2},"nm":"Path 1","mn":"ADBE Vector Shape - Group","hd":false},{"ty":"gs","o":{"a":0,"k":100,"ix":9},"w":{"a":0,"k":23.397,"ix":10},"g":{"p":9,"k":{"a":0,"k":[0.006,0.624,0.455,0.231,0.153,0.812,0.635,0.239,0.3,1,0.816,0.247,0.369,1,0.873,0.498,0.438,1,0.929,0.749,0.556,1,0.886,0.561,0.674,1,0.843,0.373,0.899,0.775,0.61,0.288,1,0.549,0.376,0.204],"ix":8}},"s":{"a":0,"k":[-32.794,-58.861],"ix":4},"e":{"a":0,"k":[39.643,54.81],"ix":5},"t":1,"lc":2,"lj":1,"ml":10,"ml2":{"a":0,"k":10,"ix":13},"bm":0,"nm":"Gradient Stroke 1","mn":"ADBE Vector Graphic - G-Stroke","hd":false},{"ty":"tr","p":{"a":0,"k":[0,0],"ix":2},"a":{"a":0,"k":[0,0],"ix":1},"s":{"a":0,"k":[100,100],"ix":3},"r":{"a":0,"k":0,"ix":6},"o":{"a":0,"k":100,"ix":7},"sk":{"a":0,"k":0,"ix":4},"sa":{"a":0,"k":0,"ix":5},"nm":"Transform"}],"nm":"Group 1","np":2,"cix":2,"bm":0,"ix":1,"mn":"ADBE Vector Group","hd":false}],"ip":11.9999975504285,"op":152.999968767964,"st":11.9999975504285,"bm":0},{"ddd":0,"ind":5,"ty":4,"nm":"ust_1","sr":1,"ks":{"o":{"a":0,"k":100,"ix":11},"r":{"a":0,"k":0,"ix":10},"p":{"a":1,"k":[{"i":{"x":0.667,"y":1},"o":{"x":0.333,"y":0},"t":23,"s":[210.402,93.424,0],"to":[0,-4.667,0],"ti":[0,4.667,0]},{"t":28.9999940802022,"s":[210.402,65.424,0]}],"ix":2},"a":{"a":0,"k":[0,0,0],"ix":1},"s":{"a":0,"k":[100,100,100],"ix":6}},"ao":0,"shapes":[{"ty":"gr","it":[{"ind":0,"ty":"sh","ix":1,"ks":{"a":0,"k":{"i":[[0,0],[-6.341,3.661],[0,0],[-6.341,-3.661],[0,0],[0,-7.322]],"o":[[0,-7.322],[0,0],[6.341,-3.661],[0,0],[6.341,3.661],[0,0]],"v":[[-73.905,25.665],[-63.658,7.917],[-10.247,-22.92],[10.247,-22.92],[63.658,7.917],[73.905,25.665]],"c":false},"ix":2},"nm":"Path 1","mn":"ADBE Vector Shape - Group","hd":false},{"ty":"gs","o":{"a":0,"k":100,"ix":9},"w":{"a":0,"k":14.038,"ix":10},"g":{"p":9,"k":{"a":0,"k":[0.006,0.624,0.455,0.231,0.135,0.812,0.635,0.239,0.264,1,0.816,0.247,0.351,1,0.873,0.498,0.438,1,0.929,0.749,0.556,1,0.886,0.561,0.674,1,0.843,0.373,0.899,0.775,0.61,0.288,1,0.549,0.376,0.204],"ix":8}},"s":{"a":0,"k":[80.598,-230.576],"ix":4},"e":{"a":0,"k":[-81.25,-230.576],"ix":5},"t":1,"lc":1,"lj":1,"ml":10,"ml2":{"a":0,"k":10,"ix":13},"bm":0,"nm":"Gradient Stroke 1","mn":"ADBE Vector Graphic - G-Stroke","hd":false},{"ty":"tr","p":{"a":0,"k":[0,0],"ix":2},"a":{"a":0,"k":[0,0],"ix":1},"s":{"a":0,"k":[100,100],"ix":3},"r":{"a":0,"k":0,"ix":6},"o":{"a":0,"k":100,"ix":7},"sk":{"a":0,"k":0,"ix":4},"sa":{"a":0,"k":0,"ix":5},"nm":"Transform"}],"nm":"Group 1","np":2,"cix":2,"bm":0,"ix":1,"mn":"ADBE Vector Group","hd":false}],"ip":22.999995304988,"op":152.999968767964,"st":7.99999836695234,"bm":0},{"ddd":0,"ind":6,"ty":4,"nm":"ust_2","sr":1,"ks":{"o":{"a":0,"k":100,"ix":11},"r":{"a":0,"k":0,"ix":10},"p":{"a":1,"k":[{"i":{"x":0.667,"y":1},"o":{"x":0.333,"y":0},"t":41,"s":[210.538,111.731,0],"to":[0,-8.167,0],"ti":[0,8.167,0]},{"t":46.999990405845,"s":[210.538,62.731,0]}],"ix":2},"a":{"a":0,"k":[0,0,0],"ix":1},"s":{"a":0,"k":[100,100,100],"ix":6}},"ao":0,"shapes":[{"ty":"gr","it":[{"ind":0,"ty":"sh","ix":1,"ks":{"a":0,"k":{"i":[[0,0],[0,0],[-7.409,4.278],[0,0],[-7.409,-4.278],[0,0],[0,-8.555],[0,0]],"o":[[0,0],[0,-8.555],[0,0],[7.409,-4.278],[0,0],[7.409,4.278],[0,0],[0,0]],"v":[[-86.661,36.054],[-86.661,23.923],[-74.688,3.185],[-12.28,-32.846],[11.666,-32.846],[74.073,3.185],[86.046,23.923],[86.661,36.054]],"c":false},"ix":2},"nm":"Path 1","mn":"ADBE Vector Shape - Group","hd":false},{"ty":"gs","o":{"a":0,"k":100,"ix":9},"w":{"a":0,"k":14.038,"ix":10},"g":{"p":5,"k":{"a":0,"k":[0,0.549,0.376,0.204,0.269,0.775,0.61,0.288,0.511,1,0.843,0.373,0.75,0.825,0.641,0.286,1,0.651,0.439,0.2],"ix":8}},"s":{"a":0,"k":[93.462,-236.269],"ix":4},"e":{"a":0,"k":[-93.89,-236.269],"ix":5},"t":1,"lc":1,"lj":1,"ml":10,"ml2":{"a":0,"k":10,"ix":13},"bm":0,"nm":"Gradient Stroke 1","mn":"ADBE Vector Graphic - G-Stroke","hd":false},{"ty":"tr","p":{"a":0,"k":[0,0],"ix":2},"a":{"a":0,"k":[0,0],"ix":1},"s":{"a":0,"k":[100,100],"ix":3},"r":{"a":0,"k":0,"ix":6},"o":{"a":0,"k":100,"ix":7},"sk":{"a":0,"k":0,"ix":4},"sa":{"a":0,"k":0,"ix":5},"nm":"Transform"}],"nm":"Group 1","np":2,"cix":2,"bm":0,"ix":1,"mn":"ADBE Vector Group","hd":false}],"ip":40.9999916306307,"op":152.999968767964,"st":25.9999946925951,"bm":0},{"ddd":0,"ind":7,"ty":4,"nm":"ust_3","sr":1,"ks":{"o":{"a":0,"k":100,"ix":11},"r":{"a":0,"k":0,"ix":10},"p":{"a":1,"k":[{"i":{"x":0.667,"y":1},"o":{"x":0.333,"y":0},"t":53,"s":[211.513,56.758,0],"to":[0,-2.333,0],"ti":[0,2.333,0]},{"t":56.9999883645354,"s":[211.513,42.758,0]}],"ix":2},"a":{"a":0,"k":[0,0,0],"ix":1},"s":{"a":0,"k":[100,100,100],"ix":6}},"ao":0,"shapes":[{"ty":"gr","it":[{"ind":0,"ty":"sh","ix":1,"ks":{"a":0,"k":{"i":[[0,0],[0,0],[-4.506,2.601],[0,0],[-4.506,-2.601],[0,0],[0,-5.203],[0,0]],"o":[[0,0],[0,-5.203],[0,0],[4.506,-2.601],[0,0],[4.506,2.601],[0,0],[0,0]],"v":[[-52.702,27.617],[-52.702,8.857],[-45.421,-3.754],[-7.468,-25.666],[7.094,-25.666],[45.047,-3.754],[52.328,8.857],[52.702,27.617]],"c":false},"ix":2},"nm":"Path 1","mn":"ADBE Vector Shape - Group","hd":false},{"ty":"gs","o":{"a":0,"k":100,"ix":9},"w":{"a":0,"k":14.038,"ix":10},"g":{"p":9,"k":{"a":0,"k":[0.006,0.624,0.455,0.231,0.135,0.812,0.635,0.239,0.264,1,0.816,0.247,0.351,1,0.873,0.498,0.438,1,0.929,0.749,0.556,1,0.886,0.561,0.674,1,0.843,0.373,0.899,0.775,0.61,0.288,1,0.549,0.376,0.204],"ix":8}},"s":{"a":0,"k":[59.487,-276.242],"ix":4},"e":{"a":0,"k":[-59.954,-276.242],"ix":5},"t":1,"lc":1,"lj":1,"ml":10,"ml2":{"a":0,"k":10,"ix":13},"bm":0,"nm":"Gradient Stroke 1","mn":"ADBE Vector Graphic - G-Stroke","hd":false},{"ty":"tr","p":{"a":0,"k":[0,0],"ix":2},"a":{"a":0,"k":[0,0],"ix":1},"s":{"a":0,"k":[100,100],"ix":3},"r":{"a":0,"k":0,"ix":6},"o":{"a":0,"k":100,"ix":7},"sk":{"a":0,"k":0,"ix":4},"sa":{"a":0,"k":0,"ix":5},"nm":"Transform"}],"nm":"Group 1","np":2,"cix":2,"bm":0,"ix":1,"mn":"ADBE Vector Group","hd":false}],"ip":52.9999891810593,"op":152.999968767964,"st":37.9999922430236,"bm":0}]},{"id":"comp_1","layers":[{"ddd":0,"ind":1,"ty":4,"nm":"kanat_7","sr":1,"ks":{"o":{"a":0,"k":100,"ix":11},"r":{"a":1,"k":[{"i":{"x":[0.667],"y":[1]},"o":{"x":[0.333],"y":[0]},"t":46.5,"s":[0]},{"t":51.1249895638048,"s":[0]}],"ix":10},"p":{"a":1,"k":[{"i":{"x":0.667,"y":1},"o":{"x":0.333,"y":0},"t":46.5,"s":[314.129,123.584,0],"to":[1.5,-5.167,0],"ti":[-1.5,5.167,0]},{"t":51.1249895638048,"s":[323.129,92.584,0]}],"ix":2},"a":{"a":0,"k":[0,0,0],"ix":1},"s":{"a":0,"k":[100,100,100],"ix":6}},"ao":0,"shapes":[{"ty":"gr","it":[{"ind":0,"ty":"sh","ix":1,"ks":{"a":0,"k":{"i":[[1.34,-6.123],[0,0],[0,0],[0,0],[-1.149,-1.837],[0,0]],"o":[[0,0],[0,0],[0,0],[0.691,-2.053],[0,0],[3.323,5.315]],"v":[[16.505,11.393],[12.122,31.426],[-17.06,2.996],[-6.06,-29.679],[-1.452,-30.22],[13.411,-6.45]],"c":true},"ix":2},"nm":"Path 1","mn":"ADBE Vector Shape - Group","hd":false},{"ty":"gf","o":{"a":0,"k":100,"ix":10},"r":1,"bm":0,"g":{"p":5,"k":{"a":0,"k":[0,0.624,0.455,0.231,0.24,0.812,0.649,0.302,0.481,1,0.843,0.373,0.839,0.886,0.725,0.329,1,0.773,0.608,0.286],"ix":9}},"s":{"a":0,"k":[-2,-31.567],"ix":5},"e":{"a":0,"k":[0.722,22.407],"ix":6},"t":1,"nm":"Gradient Fill 1","mn":"ADBE Vector Graphic - G-Fill","hd":false},{"ty":"tr","p":{"a":0,"k":[0,0],"ix":2},"a":{"a":0,"k":[0,0],"ix":1},"s":{"a":0,"k":[100,100],"ix":3},"r":{"a":0,"k":0,"ix":6},"o":{"a":0,"k":100,"ix":7},"sk":{"a":0,"k":0,"ix":4},"sa":{"a":0,"k":0,"ix":5},"nm":"Transform"}],"nm":"Group 1","np":2,"cix":2,"bm":0,"ix":1,"mn":"ADBE Vector Group","hd":false}],"ip":46.999990405845,"op":152.999968767964,"st":45.999990609976,"bm":0},{"ddd":0,"ind":2,"ty":4,"nm":"kanat_6","sr":1,"ks":{"o":{"a":0,"k":100,"ix":11},"r":{"a":1,"k":[{"i":{"x":[0.34],"y":[1]},"o":{"x":[0.14],"y":[1]},"t":42.875,"s":[23]},{"t":47.4999903037795,"s":[0]}],"ix":10},"p":{"a":1,"k":[{"i":{"x":0.34,"y":1},"o":{"x":0.14,"y":1},"t":42.875,"s":[318.29,140.696,0],"to":[5,-5,0],"ti":[-5,5,0]},{"t":47.4999903037795,"s":[348.29,110.696,0]}],"ix":2},"a":{"a":0,"k":[0,0,0],"ix":1},"s":{"a":0,"k":[100,100,100],"ix":6}},"ao":0,"shapes":[{"ty":"gr","it":[{"ind":0,"ty":"sh","ix":1,"ks":{"a":0,"k":{"i":[[1,0.862],[0.292,-2.493],[0,0],[0,0],[0,0],[16.545,16.113]],"o":[[-1.901,-1.638],[-5.064,43.206],[0,0],[0,0],[12.715,-19.279],[-0.903,-0.879]],"v":[[8.765,-40.657],[4.768,-39.209],[-25.593,3.794],[5.271,41.576],[17.265,23.39],[11.619,-38.044]],"c":true},"ix":2},"nm":"Path 1","mn":"ADBE Vector Shape - Group","hd":false},{"ty":"gf","o":{"a":0,"k":100,"ix":10},"r":1,"bm":0,"g":{"p":5,"k":{"a":0,"k":[0,0.624,0.455,0.231,0.238,0.812,0.649,0.302,0.475,1,0.843,0.373,0.837,0.886,0.725,0.329,1,0.773,0.608,0.286],"ix":9}},"s":{"a":0,"k":[-138.07,-104.057],"ix":5},"e":{"a":0,"k":[-95.262,-148.786],"ix":6},"t":1,"nm":"Gradient Fill 1","mn":"ADBE Vector Graphic - G-Fill","hd":false},{"ty":"tr","p":{"a":0,"k":[0,0],"ix":2},"a":{"a":0,"k":[0,0],"ix":1},"s":{"a":0,"k":[100,100],"ix":3},"r":{"a":0,"k":0,"ix":6},"o":{"a":0,"k":100,"ix":7},"sk":{"a":0,"k":0,"ix":4},"sa":{"a":0,"k":0,"ix":5},"nm":"Transform"}],"nm":"Group 1","np":2,"cix":2,"bm":0,"ix":1,"mn":"ADBE Vector Group","hd":false}],"ip":42.9999912223688,"op":153.999968563833,"st":40.9999916306307,"bm":0},{"ddd":0,"ind":3,"ty":4,"nm":"kanat_5","sr":1,"ks":{"o":{"a":0,"k":100,"ix":11},"r":{"a":1,"k":[{"i":{"x":[0.34],"y":[1]},"o":{"x":[0.14],"y":[0]},"t":39.25,"s":[0]},{"t":43.8749910437542,"s":[0]}],"ix":10},"p":{"a":1,"k":[{"i":{"x":0.34,"y":1},"o":{"x":0.14,"y":1},"t":39.25,"s":[324.432,161.843,0],"to":[8.167,0,0],"ti":[-8.167,0,0]},{"t":43.8749910437542,"s":[373.432,161.843,0]}],"ix":2},"a":{"a":0,"k":[0,0,0],"ix":1},"s":{"a":0,"k":[100,100,100],"ix":6}},"ao":0,"shapes":[{"ty":"gr","it":[{"ind":0,"ty":"sh","ix":1,"ks":{"a":0,"k":{"i":[[0,0],[0,0],[0,0],[0,0],[0.919,-2.426]],"o":[[0,0],[0,0],[0,0],[2.458,-0.829],[0,0]],"v":[[8.327,15.621],[-24.568,30.89],[-18.612,-17.531],[20.507,-30.723],[24.362,-26.723]],"c":true},"ix":2},"nm":"Path 1","mn":"ADBE Vector Shape - Group","hd":false},{"ty":"gf","o":{"a":0,"k":100,"ix":10},"r":1,"bm":0,"g":{"p":5,"k":{"a":0,"k":[0,0.624,0.455,0.231,0.238,0.812,0.649,0.302,0.475,1,0.843,0.373,0.837,0.886,0.725,0.329,1,0.773,0.608,0.286],"ix":9}},"s":{"a":0,"k":[-25.432,-0.843],"ix":5},"e":{"a":0,"k":[23.704,-0.843],"ix":6},"t":1,"nm":"Gradient Fill 1","mn":"ADBE Vector Graphic - G-Fill","hd":false},{"ty":"tr","p":{"a":0,"k":[0,0],"ix":2},"a":{"a":0,"k":[0,0],"ix":1},"s":{"a":0,"k":[100,100],"ix":3},"r":{"a":0,"k":0,"ix":6},"o":{"a":0,"k":100,"ix":7},"sk":{"a":0,"k":0,"ix":4},"sa":{"a":0,"k":0,"ix":5},"nm":"Transform"}],"nm":"Group 1","np":2,"cix":2,"bm":0,"ix":1,"mn":"ADBE Vector Group","hd":false}],"ip":38.9999920388927,"op":152.999968767964,"st":35.9999926512855,"bm":0},{"ddd":0,"ind":4,"ty":4,"nm":"kanat_4","sr":1,"ks":{"o":{"a":0,"k":100,"ix":11},"r":{"a":1,"k":[{"i":{"x":[0.34],"y":[1]},"o":{"x":[0.14],"y":[0]},"t":35.625,"s":[0]},{"t":40.249991783729,"s":[0]}],"ix":10},"p":{"a":1,"k":[{"i":{"x":0.34,"y":1},"o":{"x":0.14,"y":1},"t":35.625,"s":[324.701,213.731,0],"to":[6.667,0,0],"ti":[-6.667,0,0]},{"t":40.249991783729,"s":[364.701,213.731,0]}],"ix":2},"a":{"a":0,"k":[0,0,0],"ix":1},"s":{"a":0,"k":[100,100,100],"ix":6}},"ao":0,"shapes":[{"ty":"gr","it":[{"ind":0,"ty":"sh","ix":1,"ks":{"a":0,"k":{"i":[[0,0],[0,0],[0,0],[0,0],[0.767,-2.026]],"o":[[0,0],[0,0],[0,0],[2.053,-0.692],[0,0]],"v":[[6.954,13.045],[-20.517,25.797],[-15.543,-14.64],[17.125,-25.657],[20.345,-22.317]],"c":true},"ix":2},"nm":"Path 1","mn":"ADBE Vector Shape - Group","hd":false},{"ty":"gf","o":{"a":0,"k":100,"ix":10},"r":1,"bm":0,"g":{"p":5,"k":{"a":0,"k":[0,0.624,0.455,0.231,0.238,0.812,0.649,0.302,0.475,1,0.843,0.373,0.837,0.886,0.725,0.329,1,0.773,0.608,0.286],"ix":9}},"s":{"a":0,"k":[-20.701,-0.731],"ix":5},"e":{"a":0,"k":[20.332,-0.731],"ix":6},"t":1,"nm":"Gradient Fill 1","mn":"ADBE Vector Graphic - G-Fill","hd":false},{"ty":"tr","p":{"a":0,"k":[0,0],"ix":2},"a":{"a":0,"k":[0,0],"ix":1},"s":{"a":0,"k":[100,100],"ix":3},"r":{"a":0,"k":0,"ix":6},"o":{"a":0,"k":100,"ix":7},"sk":{"a":0,"k":0,"ix":4},"sa":{"a":0,"k":0,"ix":5},"nm":"Transform"}],"nm":"Group 1","np":2,"cix":2,"bm":0,"ix":1,"mn":"ADBE Vector Group","hd":false}],"ip":34.9999928554165,"op":151.999968972094,"st":30.9999936719403,"bm":0},{"ddd":0,"ind":5,"ty":4,"nm":"kanat_3","sr":1,"ks":{"o":{"a":0,"k":100,"ix":11},"r":{"a":1,"k":[{"i":{"x":[0.34],"y":[1]},"o":{"x":[0.14],"y":[0]},"t":32,"s":[0]},{"t":36.6249925237037,"s":[0]}],"ix":10},"p":{"a":1,"k":[{"i":{"x":0.34,"y":1},"o":{"x":0.14,"y":1},"t":32,"s":[331.611,258.1,0],"to":[3.667,0,0],"ti":[-3.667,0,0]},{"t":36.6249925237037,"s":[353.611,258.1,0]}],"ix":2},"a":{"a":0,"k":[0,0,0],"ix":1},"s":{"a":0,"k":[100,100,100],"ix":6}},"ao":0,"shapes":[{"ty":"gr","it":[{"ind":0,"ty":"sh","ix":1,"ks":{"a":0,"k":{"i":[[9.369,0],[0,0],[0,0],[0,0],[0.73,-2.141],[0,0]],"o":[[0,0],[0,0],[0,0],[2.049,-0.959],[0,0],[-3.025,8.868]],"v":[[-14.77,21.829],[-14.77,21.829],[-10.684,-11.384],[11.111,-21.579],[14.627,-18.427],[5.955,7]],"c":true},"ix":2},"nm":"Path 1","mn":"ADBE Vector Shape - Group","hd":false},{"ty":"gf","o":{"a":0,"k":100,"ix":10},"r":1,"bm":0,"g":{"p":5,"k":{"a":0,"k":[0,0.624,0.455,0.231,0.238,0.812,0.649,0.302,0.475,1,0.843,0.373,0.837,0.886,0.725,0.329,1,0.773,0.608,0.286],"ix":9}},"s":{"a":0,"k":[-15.611,-0.1],"ix":5},"e":{"a":0,"k":[13.93,-0.1],"ix":6},"t":1,"nm":"Gradient Fill 1","mn":"ADBE Vector Graphic - G-Fill","hd":false},{"ty":"tr","p":{"a":0,"k":[0,0],"ix":2},"a":{"a":0,"k":[0,0],"ix":1},"s":{"a":0,"k":[100,100],"ix":3},"r":{"a":0,"k":0,"ix":6},"o":{"a":0,"k":100,"ix":7},"sk":{"a":0,"k":0,"ix":4},"sa":{"a":0,"k":0,"ix":5},"nm":"Transform"}],"nm":"Group 1","np":2,"cix":2,"bm":0,"ix":1,"mn":"ADBE Vector Group","hd":false}],"ip":31.9999934678094,"op":152.999968767964,"st":25.9999946925951,"bm":0},{"ddd":0,"ind":6,"ty":4,"nm":"kanat_8","sr":1,"ks":{"o":{"a":0,"k":100,"ix":11},"r":{"a":1,"k":[{"i":{"x":[0.34],"y":[1]},"o":{"x":[0.14],"y":[0]},"t":50.125,"s":[0]},{"t":54.7499888238301,"s":[0]}],"ix":10},"p":{"a":1,"k":[{"i":{"x":0.34,"y":1},"o":{"x":0.14,"y":1},"t":50.125,"s":[255.707,67.526,0],"to":[3.333,-3.333,0],"ti":[-3.333,3.333,0]},{"t":54.7499888238301,"s":[275.707,47.526,0]}],"ix":2},"a":{"a":0,"k":[0,0,0],"ix":1},"s":{"a":0,"k":[100,100,100],"ix":6}},"ao":0,"shapes":[{"ty":"gr","it":[{"ind":0,"ty":"sh","ix":1,"ks":{"a":0,"k":{"i":[[5.191,0],[0,0],[0,0],[0,0],[0.405,-1.187],[0,0]],"o":[[0,0],[0,0],[0,0],[1.136,-0.531],[0,0],[-1.676,4.913]],"v":[[-14.666,12.095],[-14.666,12.095],[-12.401,-6.308],[12.638,-11.957],[14.586,-10.21],[9.781,3.879]],"c":true},"ix":2},"nm":"Path 1","mn":"ADBE Vector Shape - Group","hd":false},{"ty":"gf","o":{"a":0,"k":100,"ix":10},"r":1,"bm":0,"g":{"p":5,"k":{"a":0,"k":[0,0.624,0.455,0.231,0.238,0.812,0.649,0.302,0.475,1,0.843,0.373,0.837,0.886,0.725,0.329,1,0.773,0.608,0.286],"ix":9}},"s":{"a":0,"k":[-14.707,-0.526],"ix":5},"e":{"a":0,"k":[14.624,-0.526],"ix":6},"t":1,"nm":"Gradient Fill 1","mn":"ADBE Vector Graphic - G-Fill","hd":false},{"ty":"tr","p":{"a":0,"k":[0,0],"ix":2},"a":{"a":0,"k":[0,0],"ix":1},"s":{"a":0,"k":[100,100],"ix":3},"r":{"a":0,"k":0,"ix":6},"o":{"a":0,"k":100,"ix":7},"sk":{"a":0,"k":0,"ix":4},"sa":{"a":0,"k":0,"ix":5},"nm":"Transform"}],"nm":"Group 1","np":2,"cix":2,"bm":0,"ix":1,"mn":"ADBE Vector Group","hd":false}],"ip":49.9999897934521,"op":152.999968767964,"st":50.9999895893212,"bm":0},{"ddd":0,"ind":7,"ty":4,"nm":"kanat_2","sr":1,"ks":{"o":{"a":0,"k":100,"ix":11},"r":{"a":1,"k":[{"i":{"x":[0.34],"y":[1]},"o":{"x":[0.14],"y":[0]},"t":29.375,"s":[0]},{"t":33.9999930595474,"s":[0]}],"ix":10},"p":{"a":1,"k":[{"i":{"x":0.34,"y":1},"o":{"x":0.14,"y":1},"t":29.375,"s":[297.874,304.894,0],"to":[5,0,0],"ti":[-5,0,0]},{"t":33.9999930595474,"s":[327.874,304.894,0]}],"ix":2},"a":{"a":0,"k":[0,0,0],"ix":1},"s":{"a":0,"k":[100,100,100],"ix":6}},"ao":0,"shapes":[{"ty":"gr","it":[{"ind":0,"ty":"sh","ix":1,"ks":{"a":0,"k":{"i":[[9.369,0],[0,0],[0,0],[0,0],[0.73,-2.141],[0,0]],"o":[[0,0],[0,0],[0,0],[2.049,-0.959],[0,0],[-3.025,8.868]],"v":[[-26.469,21.829],[-26.469,21.829],[-22.382,-11.384],[22.81,-21.579],[26.326,-18.427],[17.653,7]],"c":true},"ix":2},"nm":"Path 1","mn":"ADBE Vector Shape - Group","hd":false},{"ty":"gf","o":{"a":0,"k":100,"ix":10},"r":1,"bm":0,"g":{"p":5,"k":{"a":0,"k":[0,0.624,0.455,0.231,0.238,0.812,0.649,0.302,0.475,1,0.843,0.373,0.837,0.886,0.725,0.329,1,0.773,0.608,0.286],"ix":9}},"s":{"a":0,"k":[-26.874,-0.894],"ix":5},"e":{"a":0,"k":[26.064,-0.894],"ix":6},"t":1,"nm":"Gradient Fill 1","mn":"ADBE Vector Graphic - G-Fill","hd":false},{"ty":"tr","p":{"a":0,"k":[0,0],"ix":2},"a":{"a":0,"k":[0,0],"ix":1},"s":{"a":0,"k":[100,100],"ix":3},"r":{"a":0,"k":0,"ix":6},"o":{"a":0,"k":100,"ix":7},"sk":{"a":0,"k":0,"ix":4},"sa":{"a":0,"k":0,"ix":5},"nm":"Transform"}],"nm":"Group 1","np":2,"cix":2,"bm":0,"ix":1,"mn":"ADBE Vector Group","hd":false}],"ip":28.9999940802022,"op":154.999968359702,"st":21.9999955091189,"bm":0},{"ddd":0,"ind":8,"ty":4,"nm":"kanat_1","sr":1,"ks":{"o":{"a":0,"k":100,"ix":11},"r":{"a":1,"k":[{"i":{"x":[0.34],"y":[1]},"o":{"x":[0.14],"y":[1]},"t":25.75,"s":[34]},{"t":30.3749937995222,"s":[0]}],"ix":10},"p":{"a":1,"k":[{"i":{"x":0.34,"y":1},"o":{"x":0.14,"y":1},"t":25.75,"s":[270.931,327.463,0],"to":[4.333,0,0],"ti":[-4.333,0,0]},{"t":30.3749937995222,"s":[296.931,327.463,0]}],"ix":2},"a":{"a":0,"k":[-14.5,-4,0],"ix":1},"s":{"a":0,"k":[100,100,100],"ix":6}},"ao":0,"shapes":[{"ty":"gr","it":[{"ind":0,"ty":"sh","ix":1,"ks":{"a":0,"k":{"i":[[-0.501,0.63],[1.526,0.117],[0,0],[0,0],[0,0],[-9.412,10.471]],"o":[[0.952,-1.198],[-26.444,-2.033],[0,0],[0,0],[12.054,7.276],[0.514,-0.572]],"v":[[24.834,4.344],[23.855,1.944],[-3.081,-15.504],[-25.346,4.218],[-13.975,11.081],[23.312,6.146]],"c":true},"ix":2},"nm":"Path 1","mn":"ADBE Vector Shape - Group","hd":false},{"ty":"gf","o":{"a":0,"k":100,"ix":10},"r":1,"bm":0,"g":{"p":5,"k":{"a":0,"k":[0,0.624,0.455,0.231,0.238,0.812,0.649,0.302,0.475,1,0.843,0.373,0.837,0.886,0.725,0.329,1,0.773,0.608,0.286],"ix":9}},"s":{"a":0,"k":[-189.58,141.472],"ix":5},"e":{"a":0,"k":[-161.29,166.461],"ix":6},"t":1,"nm":"Gradient Fill 1","mn":"ADBE Vector Graphic - G-Fill","hd":false},{"ty":"tr","p":{"a":0,"k":[0,0],"ix":2},"a":{"a":0,"k":[0,0],"ix":1},"s":{"a":0,"k":[100,100],"ix":3},"r":{"a":0,"k":0,"ix":6},"o":{"a":0,"k":100,"ix":7},"sk":{"a":0,"k":0,"ix":4},"sa":{"a":0,"k":0,"ix":5},"nm":"Transform"}],"nm":"Group 1","np":2,"cix":2,"bm":0,"ix":1,"mn":"ADBE Vector Group","hd":false}],"ip":24.9999948967261,"op":155.999968155571,"st":16.9999965297737,"bm":0}]}],"fonts":{"list":[{"fName":"JosefinSans-Bold","fFamily":"Josefin Sans","fStyle":"Bold","ascent":78.8986206054688}]},"layers":[{"ddd":0,"ind":1,"ty":5,"nm":"10","sr":1,"ks":{"o":{"a":0,"k":100,"ix":11},"r":{"a":0,"k":0,"ix":10},"p":{"a":0,"k":[211.153,353.78,0],"ix":2},"a":{"a":0,"k":[0.394,-17.592,0],"ix":1},"s":{"a":1,"k":[{"i":{"x":[0.667,0.667,0.667],"y":[1,1,1]},"o":{"x":[0.333,0.333,0.333],"y":[0,0,0]},"t":32,"s":[0,0,100]},{"t":42.9999912223688,"s":[100,100,100]}],"ix":6}},"ao":0,"t":{"d":{"k":[{"s":{"s":52.4596214294434,"f":"JosefinSans-Bold","t":"10","j":2,"tr":0,"lh":62.951545715332,"ls":0,"fc":[0.439,0.243,0.592]},"t":0}]},"p":{},"m":{"g":1,"a":{"a":0,"k":[0,0],"ix":2}},"a":[]},"ip":31.9999934678094,"op":80.9999834653924,"st":31.9999934678094,"bm":0},{"ddd":0,"ind":2,"ty":4,"nm":"Layer 48","sr":1,"ks":{"o":{"a":0,"k":100,"ix":11},"r":{"a":0,"k":0,"ix":10},"p":{"a":0,"k":[210.76,353.372,0],"ix":2},"a":{"a":0,"k":[0,0,0],"ix":1},"s":{"a":1,"k":[{"i":{"x":[0.667,0.667,0.667],"y":[1,1,1]},"o":{"x":[0.333,0.333,0.333],"y":[0,0,0]},"t":32,"s":[0,0,100]},{"t":42.9999912223688,"s":[100,100,100]}],"ix":6}},"ao":0,"shapes":[{"ty":"gr","it":[{"ind":0,"ty":"sh","ix":1,"ks":{"a":0,"k":{"i":[[0,-25.62],[25.62,0],[0,25.62],[-25.62,0]],"o":[[0,25.62],[-25.62,0],[0,-25.62],[25.62,0]],"v":[[46.389,0],[0,46.389],[-46.389,0],[0,-46.389]],"c":true},"ix":2},"nm":"Path 1","mn":"ADBE Vector Shape - Group","hd":false},{"ty":"gf","o":{"a":0,"k":100,"ix":10},"r":1,"bm":0,"g":{"p":11,"k":{"a":0,"k":[0,0.69,0.459,0.082,0.053,0.825,0.651,0.29,0.113,0.961,0.843,0.498,0.185,0.98,0.922,0.671,0.258,1,1,0.843,0.447,0.98,0.922,0.671,0.636,0.961,0.843,0.498,0.726,0.961,0.843,0.498,0.815,0.961,0.843,0.498,0.908,0.98,0.922,0.671,1,1,1,0.843],"ix":9}},"s":{"a":0,"k":[-0.76,45.628],"ix":5},"e":{"a":0,"k":[-0.76,-47.15],"ix":6},"t":1,"nm":"Gradient Fill 1","mn":"ADBE Vector Graphic - G-Fill","hd":false},{"ty":"tr","p":{"a":0,"k":[0,0],"ix":2},"a":{"a":0,"k":[0,0],"ix":1},"s":{"a":0,"k":[100,100],"ix":3},"r":{"a":0,"k":0,"ix":6},"o":{"a":0,"k":100,"ix":7},"sk":{"a":0,"k":0,"ix":4},"sa":{"a":0,"k":0,"ix":5},"nm":"Transform"}],"nm":"Group 1","np":2,"cix":2,"bm":0,"ix":1,"mn":"ADBE Vector Group","hd":false}],"ip":31.9999934678094,"op":80.9999834653924,"st":31.9999934678094,"bm":0},{"ddd":0,"ind":3,"ty":4,"nm":"Layer 47","sr":1,"ks":{"o":{"a":0,"k":100,"ix":11},"r":{"a":0,"k":0,"ix":10},"p":{"a":0,"k":[210.76,353.372,0],"ix":2},"a":{"a":0,"k":[0,0,0],"ix":1},"s":{"a":1,"k":[{"i":{"x":[0.667,0.667,0.667],"y":[1,1,1]},"o":{"x":[0.333,0.333,0.333],"y":[0,0,0]},"t":32,"s":[0,0,100]},{"t":42.9999912223688,"s":[100,100,100]}],"ix":6}},"ao":0,"shapes":[{"ty":"gr","it":[{"ind":0,"ty":"sh","ix":1,"ks":{"a":0,"k":{"i":[[0,-29.096],[29.096,0],[0,29.096],[-29.096,0]],"o":[[0,29.096],[-29.096,0],[0,-29.096],[29.096,0]],"v":[[52.683,0],[0,52.683],[-52.683,0],[0,-52.683]],"c":true},"ix":2},"nm":"Path 1","mn":"ADBE Vector Shape - Group","hd":false},{"ty":"gf","o":{"a":0,"k":100,"ix":10},"r":1,"bm":0,"g":{"p":15,"k":{"a":0,"k":[0,0.69,0.459,0.082,0.066,0.825,0.651,0.29,0.14,0.961,0.843,0.498,0.199,0.98,0.922,0.671,0.258,1,1,0.843,0.309,0.98,0.922,0.671,0.36,0.961,0.843,0.498,0.425,0.825,0.651,0.29,0.489,0.69,0.459,0.082,0.547,0.825,0.651,0.29,0.613,0.961,0.843,0.498,0.675,0.98,0.922,0.671,0.737,1,1,0.843,0.788,0.98,0.922,0.671,0.839,0.961,0.843,0.498],"ix":9}},"s":{"a":0,"k":[-52.76,-0.372],"ix":5},"e":{"a":0,"k":[52.606,-0.372],"ix":6},"t":1,"nm":"Gradient Fill 1","mn":"ADBE Vector Graphic - G-Fill","hd":false},{"ty":"tr","p":{"a":0,"k":[0,0],"ix":2},"a":{"a":0,"k":[0,0],"ix":1},"s":{"a":0,"k":[100,100],"ix":3},"r":{"a":0,"k":0,"ix":6},"o":{"a":0,"k":100,"ix":7},"sk":{"a":0,"k":0,"ix":4},"sa":{"a":0,"k":0,"ix":5},"nm":"Transform"}],"nm":"Group 1","np":2,"cix":2,"bm":0,"ix":1,"mn":"ADBE Vector Group","hd":false}],"ip":31.9999934678094,"op":80.9999834653924,"st":31.9999934678094,"bm":0},{"ddd":0,"ind":4,"ty":4,"nm":"ana_cerceve","sr":1,"ks":{"o":{"a":1,"k":[{"i":{"x":[0.667],"y":[1]},"o":{"x":[0.333],"y":[0]},"t":0,"s":[0]},{"t":7.99999836695234,"s":[100]}],"ix":11},"r":{"a":0,"k":0,"ix":10},"p":{"a":0,"k":[210.823,202.684,0],"ix":2},"a":{"a":0,"k":[0,0,0],"ix":1},"s":{"a":1,"k":[{"i":{"x":[0.667,0.667,0.667],"y":[1,1,1]},"o":{"x":[0.333,0.333,0.333],"y":[0,0,0]},"t":0,"s":[10,10,100]},{"t":7.99999836695234,"s":[100,100,100]}],"ix":6}},"ao":0,"shapes":[{"ty":"gr","it":[{"ind":0,"ty":"sh","ix":1,"ks":{"a":0,"k":{"i":[[10.709,-6.183],[0,0],[0,-12.366],[0,0],[-10.709,-6.183],[0,0],[-10.709,6.183],[0,0],[0,12.366],[0,0],[10.709,6.183],[0,0]],"o":[[0,0],[-10.709,6.183],[0,0],[0,12.366],[0,0],[10.709,6.183],[0,0],[10.709,-6.183],[0,0],[0,-12.366],[0,0],[-10.709,-6.183]],"v":[[-17.307,-144.003],[-116.057,-86.99],[-133.364,-57.013],[-133.364,57.013],[-116.057,86.99],[-17.307,144.003],[17.307,144.003],[116.057,86.99],[133.364,57.013],[133.364,-57.013],[116.057,-86.99],[17.307,-144.003]],"c":true},"ix":2},"nm":"Path 1","mn":"ADBE Vector Shape - Group","hd":false},{"ty":"gs","o":{"a":0,"k":100,"ix":9},"w":{"a":0,"k":14.038,"ix":10},"g":{"p":9,"k":{"a":0,"k":[0.006,0.624,0.455,0.231,0.135,0.812,0.635,0.239,0.264,1,0.816,0.247,0.351,1,0.873,0.498,0.438,1,0.929,0.749,0.556,1,0.886,0.561,0.674,1,0.843,0.373,0.899,0.775,0.61,0.288,1,0.549,0.376,0.204],"ix":8}},"s":{"a":0,"k":[-0.823,-155.684],"ix":4},"e":{"a":0,"k":[-0.823,155.634],"ix":5},"t":1,"lc":1,"lj":1,"ml":10,"ml2":{"a":0,"k":10,"ix":13},"bm":0,"nm":"Gradient Stroke 1","mn":"ADBE Vector Graphic - G-Stroke","hd":false},{"ty":"tr","p":{"a":0,"k":[0,0],"ix":2},"a":{"a":0,"k":[0,0],"ix":1},"s":{"a":0,"k":[100,100],"ix":3},"r":{"a":0,"k":0,"ix":6},"o":{"a":0,"k":100,"ix":7},"sk":{"a":0,"k":0,"ix":4},"sa":{"a":0,"k":0,"ix":5},"nm":"Transform"}],"nm":"Group 1","np":2,"cix":2,"bm":0,"ix":1,"mn":"ADBE Vector Group","hd":false}],"ip":0,"op":61.9999873438806,"st":0,"bm":0},{"ddd":0,"ind":5,"ty":4,"nm":"Shape Layer 7","td":1,"sr":1,"ks":{"o":{"a":0,"k":100,"ix":11},"r":{"a":0,"k":0,"ix":10},"p":{"a":0,"k":[210,210,0],"ix":2},"a":{"a":0,"k":[0,0,0],"ix":1},"s":{"a":0,"k":[100,100,100],"ix":6}},"ao":0,"shapes":[{"ty":"gr","it":[{"ind":0,"ty":"sh","ix":1,"ks":{"a":0,"k":{"i":[[0,0],[0,0],[0,0],[0,0],[0,0],[0,0],[0,0],[0,0],[0,0],[0,0]],"o":[[0,0],[0,0],[0,0],[0,0],[0,0],[0,0],[0,0],[0,0],[0,0],[0,0]],"v":[[5,-219],[-178,-111],[-181,-37],[-133,3],[-128,-88],[3,-157],[129,-87],[130,-9],[169,-23],[167,-93]],"c":true},"ix":2},"nm":"Path 1","mn":"ADBE Vector Shape - Group","hd":false},{"ty":"fl","c":{"a":0,"k":[0.95009095435,0.10450927884,0.10450927884,1],"ix":4},"o":{"a":0,"k":100,"ix":5},"r":1,"bm":0,"nm":"Fill 1","mn":"ADBE Vector Graphic - Fill","hd":false},{"ty":"tr","p":{"a":0,"k":[0,0],"ix":2},"a":{"a":0,"k":[0,0],"ix":1},"s":{"a":0,"k":[100,100],"ix":3},"r":{"a":0,"k":0,"ix":6},"o":{"a":0,"k":100,"ix":7},"sk":{"a":0,"k":0,"ix":4},"sa":{"a":0,"k":0,"ix":5},"nm":"Transform"}],"nm":"Shape 2","np":3,"cix":2,"bm":0,"ix":1,"mn":"ADBE Vector Group","hd":false},{"ty":"gr","it":[{"ind":0,"ty":"sh","ix":1,"ks":{"a":0,"k":{"i":[[0,0],[0,0],[0,0],[0,0],[0,0],[0,0],[0,0]],"o":[[0,0],[0,0],[0,0],[0,0],[0,0],[0,0],[0,0]],"v":[[-129,67],[-126,120],[3,191],[130,110],[125,72],[34,126],[-1,142]],"c":true},"ix":2},"nm":"Path 1","mn":"ADBE Vector Shape - Group","hd":false},{"ty":"fl","c":{"a":0,"k":[0.95009095435,0.10450927884,0.10450927884,1],"ix":4},"o":{"a":0,"k":100,"ix":5},"r":1,"bm":0,"nm":"Fill 1","mn":"ADBE Vector Graphic - Fill","hd":false},{"ty":"tr","p":{"a":0,"k":[0,0],"ix":2},"a":{"a":0,"k":[0,0],"ix":1},"s":{"a":0,"k":[100,100],"ix":3},"r":{"a":0,"k":0,"ix":6},"o":{"a":0,"k":100,"ix":7},"sk":{"a":0,"k":0,"ix":4},"sa":{"a":0,"k":0,"ix":5},"nm":"Transform"}],"nm":"Shape 1","np":3,"cix":2,"bm":0,"ix":2,"mn":"ADBE Vector Group","hd":false}],"ip":0,"op":63.9999869356187,"st":0,"bm":0},{"ddd":0,"ind":6,"ty":0,"nm":"cerceve","tt":1,"refId":"comp_0","sr":1,"ks":{"o":{"a":0,"k":100,"ix":11},"r":{"a":0,"k":0,"ix":10},"p":{"a":0,"k":[210,210,0],"ix":2},"a":{"a":0,"k":[210,210,0],"ix":1},"s":{"a":0,"k":[100,100,100],"ix":6}},"ao":0,"w":420,"h":420,"ip":0,"op":150.999969176225,"st":0,"bm":0},{"ddd":0,"ind":7,"ty":4,"nm":"Shape Layer 6","td":1,"sr":1,"ks":{"o":{"a":0,"k":100,"ix":11},"r":{"a":0,"k":0,"ix":10},"p":{"a":0,"k":[210,210,0],"ix":2},"a":{"a":0,"k":[0,0,0],"ix":1},"s":{"a":0,"k":[-100,100,100],"ix":6}},"ao":0,"shapes":[{"ty":"gr","it":[{"ind":0,"ty":"sh","ix":1,"ks":{"a":0,"k":{"i":[[0,0],[0,0],[0,0],[0,0],[0,0],[0,0],[0,0]],"o":[[0,0],[0,0],[0,0],[0,0],[0,0],[0,0],[0,0]],"v":[[227,-176],[19,-148],[129,-86],[131,64],[42.5,119],[54,186],[227,186]],"c":true},"ix":2},"nm":"Path 1","mn":"ADBE Vector Shape - Group","hd":false},{"ty":"fl","c":{"a":0,"k":[0,0,0,1],"ix":4},"o":{"a":0,"k":100,"ix":5},"r":1,"bm":0,"nm":"Fill 1","mn":"ADBE Vector Graphic - Fill","hd":false},{"ty":"tr","p":{"a":0,"k":[0,0],"ix":2},"a":{"a":0,"k":[0,0],"ix":1},"s":{"a":0,"k":[100,100],"ix":3},"r":{"a":0,"k":0,"ix":6},"o":{"a":0,"k":100,"ix":7},"sk":{"a":0,"k":0,"ix":4},"sa":{"a":0,"k":0,"ix":5},"nm":"Transform"}],"nm":"Shape 1","np":3,"cix":2,"bm":0,"ix":1,"mn":"ADBE Vector Group","hd":false}],"ip":0,"op":61.9999873438806,"st":0,"bm":0},{"ddd":0,"ind":8,"ty":0,"nm":"kanat_sol","tt":1,"refId":"comp_1","sr":1,"ks":{"o":{"a":0,"k":100,"ix":11},"r":{"a":0,"k":0,"ix":10},"p":{"a":0,"k":[210,210,0],"ix":2},"a":{"a":0,"k":[210,210,0],"ix":1},"s":{"a":0,"k":[-100,100,100],"ix":6}},"ao":0,"w":420,"h":420,"ip":0,"op":150.999969176225,"st":0,"bm":0},{"ddd":0,"ind":9,"ty":4,"nm":"Shape Layer 5","td":1,"sr":1,"ks":{"o":{"a":0,"k":100,"ix":11},"r":{"a":0,"k":0,"ix":10},"p":{"a":0,"k":[210,210,0],"ix":2},"a":{"a":0,"k":[0,0,0],"ix":1},"s":{"a":0,"k":[100,100,100],"ix":6}},"ao":0,"shapes":[{"ty":"gr","it":[{"ind":0,"ty":"sh","ix":1,"ks":{"a":0,"k":{"i":[[0,0],[0,0],[0,0],[0,0],[0,0],[0,0],[0,0]],"o":[[0,0],[0,0],[0,0],[0,0],[0,0],[0,0],[0,0]],"v":[[227,-176],[19,-148],[129,-86],[130.5,68],[45,120],[54,186],[227,186]],"c":true},"ix":2},"nm":"Path 1","mn":"ADBE Vector Shape - Group","hd":false},{"ty":"fl","c":{"a":0,"k":[0,0,0,1],"ix":4},"o":{"a":0,"k":100,"ix":5},"r":1,"bm":0,"nm":"Fill 1","mn":"ADBE Vector Graphic - Fill","hd":false},{"ty":"tr","p":{"a":0,"k":[0,0],"ix":2},"a":{"a":0,"k":[0,0],"ix":1},"s":{"a":0,"k":[100,100],"ix":3},"r":{"a":0,"k":0,"ix":6},"o":{"a":0,"k":100,"ix":7},"sk":{"a":0,"k":0,"ix":4},"sa":{"a":0,"k":0,"ix":5},"nm":"Transform"}],"nm":"Shape 1","np":3,"cix":2,"bm":0,"ix":1,"mn":"ADBE Vector Group","hd":false}],"ip":0,"op":61.9999873438806,"st":0,"bm":0},{"ddd":0,"ind":10,"ty":0,"nm":"kanat_sag","tt":1,"refId":"comp_1","sr":1,"ks":{"o":{"a":0,"k":100,"ix":11},"r":{"a":0,"k":0,"ix":10},"p":{"a":0,"k":[210,210,0],"ix":2},"a":{"a":0,"k":[210,210,0],"ix":1},"s":{"a":0,"k":[100,100,100],"ix":6}},"ao":0,"w":420,"h":420,"ip":0,"op":150.999969176225,"st":0,"bm":0}],"markers":[],"chars":[{"ch":"1","size":52.4596214294434,"style":"Bold","w":34.4,"data":{"shapes":[{"ty":"gr","it":[{"ind":0,"ty":"sh","ix":1,"ks":{"a":0,"k":{"i":[[0,0],[0,0],[0,0],[0,0],[0,0],[0,0]],"o":[[0,0],[0,0],[0,0],[0,0],[0,0],[0,0]],"v":[[5,-66.3],[5,-52.3],[10.3,-52.3],[10.3,0],[24.9,0],[24.9,-66.3]],"c":true},"ix":2},"nm":"1","mn":"ADBE Vector Shape - Group","hd":false}],"nm":"1","np":3,"cix":2,"bm":0,"ix":1,"mn":"ADBE Vector Group","hd":false}]},"fFamily":"Josefin Sans"},{"ch":"0","size":52.4596214294434,"style":"Bold","w":62.8,"data":{"shapes":[{"ty":"gr","it":[{"ind":0,"ty":"sh","ix":1,"ks":{"a":0,"k":{"i":[[-5.267,0.066],[-4.2,2.4],[-2.467,5.034],[0,7.6],[2.466,5.034],[4.2,2.5],[5.266,-0.066],[0,-22.533],[-2.467,-5.033],[-4.2,-2.5]],"o":[[5.266,0.066],[4.2,-2.4],[2.466,-5.033],[0,-7.4],[-2.467,-5.033],[-4.2,-2.5],[-18.6,-0.133],[0,7.4],[2.466,5.034],[4.2,2.5]],"v":[[31.4,0.1],[45.6,-3.4],[55.6,-14.55],[59.3,-33.5],[55.6,-52.15],[45.6,-63.45],[31.4,-67.1],[3.5,-33.5],[7.2,-14.85],[17.2,-3.55]],"c":true},"ix":2},"nm":"0","mn":"ADBE Vector Shape - Group","hd":false},{"ind":1,"ty":"sh","ix":2,"ks":{"a":0,"k":{"i":[[4.666,0],[1.933,3.534],[0,6.134],[-1.934,3.467],[-4.6,0],[0,-12.8],[1.966,-3.6]],"o":[[-4.6,0],[-1.934,-3.533],[0,-6.066],[1.933,-3.466],[8.6,0],[0,6.2],[-1.967,3.6]],"v":[[31.3,-13.8],[21.5,-19.1],[18.6,-33.6],[21.5,-47.9],[31.3,-53.1],[44.2,-33.9],[41.25,-19.2]],"c":true},"ix":2},"nm":"0","mn":"ADBE Vector Shape - Group","hd":false}],"nm":"0","np":5,"cix":2,"bm":0,"ix":1,"mn":"ADBE Vector Group","hd":false}]},"fFamily":"Josefin Sans"}]}