{"v":"5.5.2","fr":60,"ip":53,"op":125,"w":192,"h":192,"nm":"Comp 1","ddd":0,"assets":[],"layers":[{"ddd":0,"ind":1,"ty":4,"nm":"Bell-ringing Outlines","sr":1,"ks":{"o":{"a":0,"k":100,"ix":11},"r":{"a":0,"k":0,"ix":10},"p":{"a":1,"k":[{"i":{"x":0.667,"y":0.892},"o":{"x":0.333,"y":0},"t":53,"s":[96,107,0],"to":[0,-0.569,0],"ti":[0,0.799,0]},{"i":{"x":0.667,"y":1},"o":{"x":0.311,"y":1},"t":59,"s":[96,87.729,0],"to":[0,-1.733,0],"ti":[0,-0.653,0]},{"t":119,"s":[96,107,0]}],"ix":2},"a":{"a":0,"k":[12,12,0],"ix":1},"s":{"a":0,"k":[583.333,583.333,100],"ix":6}},"ao":0,"ef":[{"ty":5,"nm":"CC Bend It","np":7,"mn":"CC Bend It","ix":1,"en":1,"ef":[{"ty":0,"nm":"Bend","mn":"CC Bend It-0001","ix":1,"v":{"a":1,"k":[{"i":{"x":[0.667],"y":[1]},"o":{"x":[0.167],"y":[0.167]},"t":59,"s":[0]},{"i":{"x":[0.667],"y":[1]},"o":{"x":[0.333],"y":[0]},"t":70,"s":[7]},{"i":{"x":[0.667],"y":[1]},"o":{"x":[0.333],"y":[0]},"t":75,"s":[-4]},{"i":{"x":[0.667],"y":[1]},"o":{"x":[0.333],"y":[0]},"t":85,"s":[2]},{"i":{"x":[0.667],"y":[1]},"o":{"x":[0.333],"y":[0]},"t":93,"s":[-1]},{"t":98,"s":[0]}],"ix":1}},{"ty":3,"nm":"Start","mn":"CC Bend It-0002","ix":2,"v":{"a":0,"k":[95.5,-19],"ix":2}},{"ty":3,"nm":"End","mn":"CC Bend It-0003","ix":3,"v":{"a":0,"k":[93,213],"ix":3}},{"ty":7,"nm":"Render Prestart","mn":"CC Bend It-0004","ix":4,"v":{"a":0,"k":3,"ix":4}},{"ty":7,"nm":"Distort","mn":"CC Bend It-0005","ix":5,"v":{"a":0,"k":1,"ix":5}}]}],"shapes":[{"ty":"gr","it":[{"ind":0,"ty":"sh","ix":1,"ks":{"a":0,"k":{"i":[[0,0],[0.956,0.553],[0.174,0.302]],"o":[[-0.555,0.955],[-0.301,-0.175],[0,0]],"v":[[1.73,-0.64],[-1.004,0.087],[-1.73,-0.64]],"c":false},"ix":2},"nm":"Path 1","mn":"ADBE Vector Shape - Group","hd":false},{"ty":"st","c":{"a":0,"k":[0,0,0,1],"ix":3},"o":{"a":0,"k":100,"ix":4},"w":{"a":0,"k":2,"ix":5},"lc":2,"lj":2,"bm":0,"nm":"Stroke 1","mn":"ADBE Vector Graphic - Stroke","hd":false},{"ty":"tr","p":{"a":1,"k":[{"i":{"x":0.667,"y":1},"o":{"x":0.333,"y":0},"t":59,"s":[12,21.64],"to":[0.25,0.25],"ti":[-0.333,-0.083]},{"i":{"x":0.667,"y":0.629},"o":{"x":0.333,"y":0},"t":68,"s":[13.5,23.14],"to":[0.217,0.054],"ti":[-0.099,0.302]},{"i":{"x":0.667,"y":1},"o":{"x":0.333,"y":0.79},"t":73,"s":[14.42,22.2],"to":[0.053,-0.162],"ti":[0.379,0.204]},{"i":{"x":0.667,"y":0.211},"o":{"x":0.333,"y":0},"t":77,"s":[14,22.14],"to":[-0.558,-0.301],"ti":[2.437,0.178]},{"i":{"x":0.667,"y":1},"o":{"x":0.333,"y":0.369},"t":83,"s":[15.844,21.405],"to":[-2.291,-0.167],"ti":[-0.04,0]},{"i":{"x":0.667,"y":0.579},"o":{"x":0.333,"y":0},"t":91,"s":[6,21.14],"to":[0.042,0],"ti":[-2.606,-0.221]},{"i":{"x":0.667,"y":1},"o":{"x":0.333,"y":0.5},"t":95,"s":[12.257,21.552],"to":[2.561,0.217],"ti":[-0.124,-0.124]},{"i":{"x":0.667,"y":0.544},"o":{"x":0.333,"y":0},"t":99,"s":[17.5,21.14],"to":[0.148,0.148],"ti":[2.582,-0.083]},{"i":{"x":0.667,"y":1},"o":{"x":0.333,"y":0.691},"t":103,"s":[12.057,21.961],"to":[-1.778,0.057],"ti":[0.204,-0.068]},{"i":{"x":0.667,"y":1},"o":{"x":0.333,"y":0},"t":106,"s":[9.5,21.14],"to":[-0.5,0.167],"ti":[-0.417,-0.083]},{"i":{"x":0.667,"y":1},"o":{"x":0.333,"y":0},"t":114,"s":[13.5,21.64],"to":[0.417,0.083],"ti":[0.25,0]},{"t":118,"s":[12,21.64]}],"ix":2},"a":{"a":0,"k":[0,0],"ix":1},"s":{"a":0,"k":[100,100],"ix":3},"r":{"a":1,"k":[{"i":{"x":[0.833],"y":[0.833]},"o":{"x":[0.167],"y":[0.167]},"t":59,"s":[0]},{"i":{"x":[0.833],"y":[0.833]},"o":{"x":[0.167],"y":[0.167]},"t":69,"s":[29]},{"i":{"x":[0.833],"y":[0.833]},"o":{"x":[0.167],"y":[0.167]},"t":72,"s":[11]},{"i":{"x":[0.833],"y":[0.833]},"o":{"x":[0.167],"y":[0.167]},"t":73,"s":[-4.575]},{"i":{"x":[0.833],"y":[0.833]},"o":{"x":[0.167],"y":[0.167]},"t":77,"s":[-24]},{"i":{"x":[0.833],"y":[0.833]},"o":{"x":[0.167],"y":[0.167]},"t":83,"s":[-4]},{"i":{"x":[0.833],"y":[0.833]},"o":{"x":[0.167],"y":[0.167]},"t":86,"s":[14]},{"i":{"x":[0.833],"y":[0.833]},"o":{"x":[0.167],"y":[0.167]},"t":91,"s":[10]},{"i":{"x":[0.833],"y":[0.833]},"o":{"x":[0.167],"y":[0.167]},"t":95,"s":[-5]},{"i":{"x":[0.833],"y":[0.833]},"o":{"x":[0.167],"y":[0.167]},"t":99,"s":[-5]},{"i":{"x":[0.833],"y":[0.833]},"o":{"x":[0.167],"y":[0.167]},"t":103,"s":[8]},{"t":106,"s":[2]}],"ix":6},"o":{"a":0,"k":100,"ix":7},"sk":{"a":0,"k":0,"ix":4},"sa":{"a":0,"k":0,"ix":5},"nm":"Transform"}],"nm":"Group 1","np":2,"cix":2,"bm":0,"ix":1,"mn":"ADBE Vector Group","hd":false},{"ty":"gr","it":[{"ind":0,"ty":"sh","ix":1,"ks":{"a":0,"k":{"i":[[0,7],[4.652,-2.631],[-0.03,-1.912],[0,0],[0,0]],"o":[[0,-4.399],[-1.665,0.941],[0.114,7.316],[0,0],[0,0]],"v":[[6,-0.654],[-3.387,-5.715],[-6.003,-1.044],[-9,8.346],[9,8.346]],"c":true},"ix":2},"nm":"Path 1","mn":"ADBE Vector Shape - Group","hd":false},{"ty":"st","c":{"a":0,"k":[0,0,0,1],"ix":3},"o":{"a":0,"k":100,"ix":4},"w":{"a":0,"k":2,"ix":5},"lc":2,"lj":2,"bm":0,"nm":"Stroke 1","mn":"ADBE Vector Graphic - Stroke","hd":false},{"ty":"tr","p":{"a":0,"k":[12,8.654],"ix":2},"a":{"a":0,"k":[0,0],"ix":1},"s":{"a":0,"k":[100,100],"ix":3},"r":{"a":1,"k":[{"i":{"x":[0.667],"y":[0.649]},"o":{"x":[0.333],"y":[0]},"t":59,"s":[0]},{"i":{"x":[0.667],"y":[0.534]},"o":{"x":[0.333],"y":[0.605]},"t":64,"s":[16.49]},{"i":{"x":[0.71],"y":[0.694]},"o":{"x":[0.302],"y":[-0.094]},"t":69,"s":[26.049]},{"i":{"x":[0.778],"y":[1]},"o":{"x":[0.426],"y":[1.157]},"t":74,"s":[-16.741]},{"i":{"x":[0.667],"y":[1]},"o":{"x":[0.167],"y":[0]},"t":78,"s":[-30.021]},{"i":{"x":[0.667],"y":[1]},"o":{"x":[0.167],"y":[0]},"t":88,"s":[19.021]},{"i":{"x":[0.79],"y":[1]},"o":{"x":[0.299],"y":[0]},"t":96,"s":[-11]},{"i":{"x":[0.585],"y":[0.443]},"o":{"x":[0.178],"y":[0]},"t":103,"s":[9]},{"i":{"x":[0.667],"y":[1]},"o":{"x":[0.348],"y":[1.956]},"t":107,"s":[-2.3]},{"i":{"x":[0.833],"y":[1]},"o":{"x":[0.167],"y":[0]},"t":111,"s":[-5]},{"i":{"x":[0.833],"y":[1]},"o":{"x":[0.167],"y":[0]},"t":114,"s":[2]},{"t":118,"s":[0]}],"ix":6},"o":{"a":0,"k":100,"ix":7},"sk":{"a":0,"k":0,"ix":4},"sa":{"a":0,"k":0,"ix":5},"nm":"Transform"}],"nm":"Group 2","np":2,"cix":2,"bm":0,"ix":2,"mn":"ADBE Vector Group","hd":false},{"ty":"gr","it":[{"ty":"tr","p":{"a":0,"k":[12,21.64],"ix":2},"a":{"a":0,"k":[0,0],"ix":1},"s":{"a":0,"k":[100,100],"ix":3},"r":{"a":0,"k":0,"ix":6},"o":{"a":0,"k":100,"ix":7},"sk":{"a":0,"k":0,"ix":4},"sa":{"a":0,"k":0,"ix":5},"nm":"Transform"}],"nm":"Group 3","np":0,"cix":2,"bm":0,"ix":3,"mn":"ADBE Vector Group","hd":false}],"ip":-1,"op":614,"st":-1,"bm":0}],"markers":[]}