{"nm":"MENU","ddd":0,"h":600,"w":600,"meta":{"g":"LottieFiles AE 3.1.0"},"layers":[{"ty":3,"nm":"Nulo 1","sr":1,"st":0,"op":150,"ip":0,"hd":false,"ddd":0,"bm":0,"hasMask":false,"ao":0,"ks":{"a":{"a":0,"k":[50,50,0],"ix":1},"s":{"a":0,"k":[168,168,100],"ix":6},"sk":{"a":0,"k":0},"p":{"a":0,"k":[300,300,0],"ix":2},"r":{"a":1,"k":[{"o":{"x":0.697,"y":0},"i":{"x":0.454,"y":1},"s":[0],"t":2},{"o":{"x":0.932,"y":0},"i":{"x":0.232,"y":1},"s":[90],"t":40},{"o":{"x":0.738,"y":0},"i":{"x":0.44,"y":0.982},"s":[90],"t":70},{"s":[180],"t":100}],"ix":10},"sa":{"a":0,"k":0},"o":{"a":0,"k":0,"ix":11}},"ef":[],"ind":1},{"ty":4,"nm":"PUNTOS MENU contornos 2","sr":1,"st":0,"op":150,"ip":0,"hd":false,"ddd":0,"bm":0,"hasMask":false,"ao":0,"ks":{"a":{"a":0,"k":[300,300,0],"ix":1},"s":{"a":0,"k":[59.524,59.524,100],"ix":6},"sk":{"a":0,"k":0},"p":{"a":0,"k":[47.619,51.19,0],"ix":2},"r":{"a":0,"k":-180,"ix":10},"sa":{"a":0,"k":0},"o":{"a":1,"k":[{"o":{"x":0.167,"y":0.167},"i":{"x":0.833,"y":0.833},"s":[0],"t":8},{"o":{"x":0.167,"y":0.167},"i":{"x":0.833,"y":0.833},"s":[100],"t":11},{"o":{"x":0.167,"y":0.167},"i":{"x":0.833,"y":0.833},"s":[100],"t":32},{"o":{"x":0.167,"y":0.167},"i":{"x":0.833,"y":0.833},"s":[0],"t":35},{"o":{"x":0.167,"y":0.167},"i":{"x":0.833,"y":0.833},"s":[0],"t":75},{"o":{"x":0.167,"y":0.167},"i":{"x":0.833,"y":0.833},"s":[100],"t":78},{"o":{"x":0.167,"y":0.167},"i":{"x":0.833,"y":0.833},"s":[100],"t":99},{"s":[0],"t":102}],"ix":11}},"ef":[],"shapes":[{"ty":"gr","bm":0,"hd":false,"mn":"ADBE Vector Group","nm":"Grupo 1","ix":1,"cix":2,"np":2,"it":[{"ty":"sh","bm":0,"hd":false,"mn":"ADBE Vector Shape - Group","nm":"Trazado 1","ix":1,"d":1,"ks":{"a":0,"k":{"c":true,"i":[[0,26.816],[-26.817,0],[0,-26.812],[26.815,0]],"o":[[0,-26.812],[26.815,0],[0,26.816],[-26.817,0]],"v":[[-48.554,-0.002],[0.001,-48.553],[48.554,-0.002],[0.001,48.553]]},"ix":2}},{"ty":"fl","bm":0,"hd":false,"mn":"ADBE Vector Graphic - Fill","nm":"Relleno 1","c":{"a":0,"k":[0.5137,0,0.9451],"ix":4},"r":1,"o":{"a":0,"k":100,"ix":5}},{"ty":"tr","a":{"a":0,"k":[0,0],"ix":1},"s":{"a":0,"k":[100,100],"ix":3},"sk":{"a":0,"k":0,"ix":4},"p":{"a":1,"k":[{"o":{"x":0.167,"y":0.167},"i":{"x":0.833,"y":0.833},"s":[428.665,434.382],"t":8,"ti":[8.195,8.244],"to":[-8.195,-8.244]},{"o":{"x":0.167,"y":0.167},"i":{"x":0.833,"y":0.833},"s":[379.498,384.916],"t":16,"ti":[0,0],"to":[0,0]},{"o":{"x":0.167,"y":0.167},"i":{"x":0.833,"y":0.833},"s":[379.498,384.916],"t":27,"ti":[-8.195,-8.244],"to":[8.195,8.244]},{"o":{"x":0.167,"y":0.167},"i":{"x":0.833,"y":0.833},"s":[428.665,434.382],"t":35,"ti":[0,0],"to":[0,0]},{"o":{"x":0.167,"y":0.167},"i":{"x":0.833,"y":0.833},"s":[428.665,434.382],"t":75,"ti":[8.195,8.244],"to":[-8.195,-8.244]},{"o":{"x":0.167,"y":0.167},"i":{"x":0.833,"y":0.833},"s":[379.498,384.916],"t":83,"ti":[0,0],"to":[0,0]},{"o":{"x":0.167,"y":0.167},"i":{"x":0.833,"y":0.833},"s":[379.498,384.916],"t":94,"ti":[-8.195,-8.244],"to":[8.195,8.244]},{"s":[428.665,434.382],"t":102}],"ix":2},"r":{"a":0,"k":0,"ix":6},"sa":{"a":0,"k":0,"ix":5},"o":{"a":0,"k":100,"ix":7}}]},{"ty":"gr","bm":0,"hd":false,"mn":"ADBE Vector Group","nm":"Grupo 2","ix":2,"cix":2,"np":2,"it":[{"ty":"sh","bm":0,"hd":false,"mn":"ADBE Vector Shape - Group","nm":"Trazado 1","ix":1,"d":1,"ks":{"a":0,"k":{"c":true,"i":[[0,26.816],[-26.815,0],[0,-26.812],[26.816,0]],"o":[[0,-26.812],[26.816,0],[0,26.816],[-26.815,0]],"v":[[-48.554,-0.002],[0,-48.553],[48.554,-0.002],[0,48.553]]},"ix":2}},{"ty":"fl","bm":0,"hd":false,"mn":"ADBE Vector Graphic - Fill","nm":"Relleno 1","c":{"a":0,"k":[1,0.2706,0.0078],"ix":4},"r":1,"o":{"a":0,"k":100,"ix":5}},{"ty":"tr","a":{"a":0,"k":[0,0],"ix":1},"s":{"a":0,"k":[100,100],"ix":3},"sk":{"a":0,"k":0,"ix":4},"p":{"a":1,"k":[{"o":{"x":0.167,"y":0.167},"i":{"x":0.833,"y":0.833},"s":[163.332,434.6],"t":8,"ti":[-8.141,8.21],"to":[8.141,-8.21]},{"o":{"x":0.167,"y":0.167},"i":{"x":0.833,"y":0.833},"s":[212.175,385.341],"t":16,"ti":[0,0],"to":[0,0]},{"o":{"x":0.167,"y":0.167},"i":{"x":0.833,"y":0.833},"s":[212.175,385.341],"t":27,"ti":[8.141,-8.21],"to":[-8.141,8.21]},{"o":{"x":0.167,"y":0.167},"i":{"x":0.833,"y":0.833},"s":[163.332,434.6],"t":35,"ti":[0,0],"to":[0,0]},{"o":{"x":0.167,"y":0.167},"i":{"x":0.833,"y":0.833},"s":[163.332,434.6],"t":75,"ti":[-8.141,8.21],"to":[8.141,-8.21]},{"o":{"x":0.167,"y":0.167},"i":{"x":0.833,"y":0.833},"s":[212.175,385.341],"t":83,"ti":[0,0],"to":[0,0]},{"o":{"x":0.167,"y":0.167},"i":{"x":0.833,"y":0.833},"s":[212.175,385.341],"t":94,"ti":[8.141,-8.21],"to":[-8.141,8.21]},{"s":[163.332,434.6],"t":102}],"ix":2},"r":{"a":0,"k":0,"ix":6},"sa":{"a":0,"k":0,"ix":5},"o":{"a":0,"k":100,"ix":7}}]},{"ty":"gr","bm":0,"hd":false,"mn":"ADBE Vector Group","nm":"Grupo 3","ix":3,"cix":2,"np":2,"it":[{"ty":"sh","bm":0,"hd":false,"mn":"ADBE Vector Shape - Group","nm":"Trazado 1","ix":1,"d":1,"ks":{"a":0,"k":{"c":true,"i":[[0,26.816],[-26.817,0],[0,-26.812],[26.815,0]],"o":[[0,-26.812],[26.815,0],[0,26.816],[-26.817,0]],"v":[[-48.554,-0.002],[0.001,-48.553],[48.554,-0.002],[0.001,48.553]]},"ix":2}},{"ty":"fl","bm":0,"hd":false,"mn":"ADBE Vector Graphic - Fill","nm":"Relleno 1","c":{"a":0,"k":[1,0.7294,0],"ix":4},"r":1,"o":{"a":0,"k":100,"ix":5}},{"ty":"tr","a":{"a":0,"k":[0,0],"ix":1},"s":{"a":0,"k":[100,100],"ix":3},"sk":{"a":0,"k":0,"ix":4},"p":{"a":1,"k":[{"o":{"x":0.167,"y":0.167},"i":{"x":0.833,"y":0.833},"s":[428.618,169.445],"t":8,"ti":[8.186,-8.114],"to":[-8.186,8.114]},{"o":{"x":0.167,"y":0.167},"i":{"x":0.833,"y":0.833},"s":[379.502,218.131],"t":16,"ti":[0,0],"to":[0,0]},{"o":{"x":0.167,"y":0.167},"i":{"x":0.833,"y":0.833},"s":[379.502,218.131],"t":27,"ti":[-8.186,8.114],"to":[8.186,-8.114]},{"o":{"x":0.167,"y":0.167},"i":{"x":0.833,"y":0.833},"s":[428.618,169.445],"t":35,"ti":[0,0],"to":[0,0]},{"o":{"x":0.167,"y":0.167},"i":{"x":0.833,"y":0.833},"s":[428.618,169.445],"t":75,"ti":[8.186,-8.114],"to":[-8.186,8.114]},{"o":{"x":0.167,"y":0.167},"i":{"x":0.833,"y":0.833},"s":[379.502,218.131],"t":83,"ti":[0,0],"to":[0,0]},{"o":{"x":0.167,"y":0.167},"i":{"x":0.833,"y":0.833},"s":[379.502,218.131],"t":94,"ti":[-8.186,8.114],"to":[8.186,-8.114]},{"s":[428.618,169.445],"t":102}],"ix":2},"r":{"a":0,"k":0,"ix":6},"sa":{"a":0,"k":0,"ix":5},"o":{"a":0,"k":100,"ix":7}}]},{"ty":"gr","bm":0,"hd":false,"mn":"ADBE Vector Group","nm":"Grupo 4","ix":4,"cix":2,"np":2,"it":[{"ty":"sh","bm":0,"hd":false,"mn":"ADBE Vector Shape - Group","nm":"Trazado 1","ix":1,"d":1,"ks":{"a":0,"k":{"c":true,"i":[[0,26.816],[-26.815,0],[0,-26.812],[26.816,0]],"o":[[0,-26.812],[26.816,0],[0,26.816],[-26.815,0]],"v":[[-48.554,-0.002],[0,-48.553],[48.554,-0.002],[0,48.553]]},"ix":2}},{"ty":"fl","bm":0,"hd":false,"mn":"ADBE Vector Graphic - Fill","nm":"Relleno 1","c":{"a":0,"k":[0,0.7255,0.4353],"ix":4},"r":1,"o":{"a":0,"k":100,"ix":5}},{"ty":"tr","a":{"a":0,"k":[0,0],"ix":1},"s":{"a":0,"k":[100,100],"ix":3},"sk":{"a":0,"k":0,"ix":4},"p":{"a":1,"k":[{"o":{"x":0.167,"y":0.167},"i":{"x":0.833,"y":0.833},"s":[163.306,169.523],"t":8,"ti":[-8.001,-8.114],"to":[8.001,8.114]},{"o":{"x":0.167,"y":0.167},"i":{"x":0.833,"y":0.833},"s":[211.313,218.206],"t":16,"ti":[0,0],"to":[0,0]},{"o":{"x":0.167,"y":0.167},"i":{"x":0.833,"y":0.833},"s":[211.313,218.206],"t":27,"ti":[8.001,8.114],"to":[-8.001,-8.114]},{"o":{"x":0.167,"y":0.167},"i":{"x":0.833,"y":0.833},"s":[163.306,169.523],"t":35,"ti":[0,0],"to":[0,0]},{"o":{"x":0.167,"y":0.167},"i":{"x":0.833,"y":0.833},"s":[163.306,169.523],"t":75,"ti":[-8.001,-8.114],"to":[8.001,8.114]},{"o":{"x":0.167,"y":0.167},"i":{"x":0.833,"y":0.833},"s":[211.313,218.206],"t":83,"ti":[0,0],"to":[0,0]},{"o":{"x":0.167,"y":0.167},"i":{"x":0.833,"y":0.833},"s":[211.313,218.206],"t":94,"ti":[8.001,8.114],"to":[-8.001,-8.114]},{"s":[163.306,169.523],"t":102}],"ix":2},"r":{"a":0,"k":0,"ix":6},"sa":{"a":0,"k":0,"ix":5},"o":{"a":0,"k":100,"ix":7}}]}],"ind":2,"parent":1},{"ty":4,"nm":"PUNTOS MENU contornos","sr":1,"st":0,"op":150,"ip":0,"hd":false,"ddd":0,"bm":0,"hasMask":false,"ao":0,"ks":{"a":{"a":0,"k":[300,300,0],"ix":1},"s":{"a":0,"k":[59.524,59.524,100],"ix":6},"sk":{"a":0,"k":0},"p":{"a":0,"k":[52.381,48.81,0],"ix":2},"r":{"a":0,"k":0,"ix":10},"sa":{"a":0,"k":0},"o":{"a":1,"k":[{"o":{"x":0.167,"y":0.167},"i":{"x":0.833,"y":0.833},"s":[100],"t":8},{"o":{"x":0.167,"y":0.167},"i":{"x":0.833,"y":0.833},"s":[0],"t":11},{"o":{"x":0.167,"y":0.167},"i":{"x":0.833,"y":0.833},"s":[1],"t":32},{"o":{"x":0.167,"y":0.167},"i":{"x":0.833,"y":0.833},"s":[100],"t":35},{"o":{"x":0.167,"y":0.167},"i":{"x":0.833,"y":0.833},"s":[100],"t":75},{"o":{"x":0.167,"y":0.167},"i":{"x":0.833,"y":0.833},"s":[0],"t":78},{"o":{"x":0.167,"y":0.167},"i":{"x":0.833,"y":0.833},"s":[0],"t":99},{"s":[100],"t":102}],"ix":11}},"ef":[],"shapes":[{"ty":"gr","bm":0,"hd":false,"mn":"ADBE Vector Group","nm":"Grupo 1","ix":1,"cix":2,"np":2,"it":[{"ty":"sh","bm":0,"hd":false,"mn":"ADBE Vector Shape - Group","nm":"Trazado 1","ix":1,"d":1,"ks":{"a":0,"k":{"c":true,"i":[[0,26.816],[-26.817,0],[0,-26.812],[26.815,0]],"o":[[0,-26.812],[26.815,0],[0,26.816],[-26.817,0]],"v":[[-48.554,-0.002],[0.001,-48.553],[48.554,-0.002],[0.001,48.553]]},"ix":2}},{"ty":"fl","bm":0,"hd":false,"mn":"ADBE Vector Graphic - Fill","nm":"Relleno 1","c":{"a":0,"k":[0.4235,0.4588,0.4902],"ix":4},"r":1,"o":{"a":0,"k":100,"ix":5}},{"ty":"tr","a":{"a":0,"k":[0,0],"ix":1},"s":{"a":0,"k":[100,100],"ix":3},"sk":{"a":0,"k":0,"ix":4},"p":{"a":1,"k":[{"o":{"x":0.167,"y":0.167},"i":{"x":0.833,"y":0.833},"s":[428.665,434.382],"t":8,"ti":[8.195,8.244],"to":[-8.195,-8.244]},{"o":{"x":0.167,"y":0.167},"i":{"x":0.833,"y":0.833},"s":[379.498,384.916],"t":16,"ti":[0,0],"to":[0,0]},{"o":{"x":0.167,"y":0.167},"i":{"x":0.833,"y":0.833},"s":[379.498,384.916],"t":27,"ti":[-8.195,-8.244],"to":[8.195,8.244]},{"o":{"x":0.167,"y":0.167},"i":{"x":0.833,"y":0.833},"s":[428.665,434.382],"t":35,"ti":[0,0],"to":[0,0]},{"o":{"x":0.167,"y":0.167},"i":{"x":0.833,"y":0.833},"s":[428.665,434.382],"t":75,"ti":[8.195,8.244],"to":[-8.195,-8.244]},{"o":{"x":0.167,"y":0.167},"i":{"x":0.833,"y":0.833},"s":[379.498,384.916],"t":83,"ti":[0,0],"to":[0,0]},{"o":{"x":0.167,"y":0.167},"i":{"x":0.833,"y":0.833},"s":[379.498,384.916],"t":94,"ti":[-8.195,-8.244],"to":[8.195,8.244]},{"s":[428.665,434.382],"t":102}],"ix":2},"r":{"a":0,"k":0,"ix":6},"sa":{"a":0,"k":0,"ix":5},"o":{"a":0,"k":100,"ix":7}}]},{"ty":"gr","bm":0,"hd":false,"mn":"ADBE Vector Group","nm":"Grupo 2","ix":2,"cix":2,"np":2,"it":[{"ty":"sh","bm":0,"hd":false,"mn":"ADBE Vector Shape - Group","nm":"Trazado 1","ix":1,"d":1,"ks":{"a":0,"k":{"c":true,"i":[[0,26.816],[-26.815,0],[0,-26.812],[26.816,0]],"o":[[0,-26.812],[26.816,0],[0,26.816],[-26.815,0]],"v":[[-48.554,-0.002],[0,-48.553],[48.554,-0.002],[0,48.553]]},"ix":2}},{"ty":"fl","bm":0,"hd":false,"mn":"ADBE Vector Graphic - Fill","nm":"Relleno 1","c":{"a":0,"k":[0.4235,0.4588,0.4902],"ix":4},"r":1,"o":{"a":0,"k":100,"ix":5}},{"ty":"tr","a":{"a":0,"k":[0,0],"ix":1},"s":{"a":0,"k":[100,100],"ix":3},"sk":{"a":0,"k":0,"ix":4},"p":{"a":1,"k":[{"o":{"x":0.167,"y":0.167},"i":{"x":0.833,"y":0.833},"s":[163.332,434.6],"t":8,"ti":[-8.141,8.21],"to":[8.141,-8.21]},{"o":{"x":0.167,"y":0.167},"i":{"x":0.833,"y":0.833},"s":[212.175,385.341],"t":16,"ti":[0,0],"to":[0,0]},{"o":{"x":0.167,"y":0.167},"i":{"x":0.833,"y":0.833},"s":[212.175,385.341],"t":27,"ti":[8.141,-8.21],"to":[-8.141,8.21]},{"o":{"x":0.167,"y":0.167},"i":{"x":0.833,"y":0.833},"s":[163.332,434.6],"t":35,"ti":[0,0],"to":[0,0]},{"o":{"x":0.167,"y":0.167},"i":{"x":0.833,"y":0.833},"s":[163.332,434.6],"t":75,"ti":[-8.141,8.21],"to":[8.141,-8.21]},{"o":{"x":0.167,"y":0.167},"i":{"x":0.833,"y":0.833},"s":[212.175,385.341],"t":83,"ti":[0,0],"to":[0,0]},{"o":{"x":0.167,"y":0.167},"i":{"x":0.833,"y":0.833},"s":[212.175,385.341],"t":94,"ti":[8.141,-8.21],"to":[-8.141,8.21]},{"s":[163.332,434.6],"t":102}],"ix":2},"r":{"a":0,"k":0,"ix":6},"sa":{"a":0,"k":0,"ix":5},"o":{"a":0,"k":100,"ix":7}}]},{"ty":"gr","bm":0,"hd":false,"mn":"ADBE Vector Group","nm":"Grupo 3","ix":3,"cix":2,"np":2,"it":[{"ty":"sh","bm":0,"hd":false,"mn":"ADBE Vector Shape - Group","nm":"Trazado 1","ix":1,"d":1,"ks":{"a":0,"k":{"c":true,"i":[[0,26.816],[-26.817,0],[0,-26.812],[26.815,0]],"o":[[0,-26.812],[26.815,0],[0,26.816],[-26.817,0]],"v":[[-48.554,-0.002],[0.001,-48.553],[48.554,-0.002],[0.001,48.553]]},"ix":2}},{"ty":"fl","bm":0,"hd":false,"mn":"ADBE Vector Graphic - Fill","nm":"Relleno 1","c":{"a":0,"k":[0.4235,0.4588,0.4902],"ix":4},"r":1,"o":{"a":0,"k":100,"ix":5}},{"ty":"tr","a":{"a":0,"k":[0,0],"ix":1},"s":{"a":0,"k":[100,100],"ix":3},"sk":{"a":0,"k":0,"ix":4},"p":{"a":1,"k":[{"o":{"x":0.167,"y":0.167},"i":{"x":0.833,"y":0.833},"s":[428.618,169.445],"t":8,"ti":[8.186,-8.114],"to":[-8.186,8.114]},{"o":{"x":0.167,"y":0.167},"i":{"x":0.833,"y":0.833},"s":[379.502,218.131],"t":16,"ti":[0,0],"to":[0,0]},{"o":{"x":0.167,"y":0.167},"i":{"x":0.833,"y":0.833},"s":[379.502,218.131],"t":27,"ti":[-8.186,8.114],"to":[8.186,-8.114]},{"o":{"x":0.167,"y":0.167},"i":{"x":0.833,"y":0.833},"s":[428.618,169.445],"t":35,"ti":[0,0],"to":[0,0]},{"o":{"x":0.167,"y":0.167},"i":{"x":0.833,"y":0.833},"s":[428.618,169.445],"t":75,"ti":[8.186,-8.114],"to":[-8.186,8.114]},{"o":{"x":0.167,"y":0.167},"i":{"x":0.833,"y":0.833},"s":[379.502,218.131],"t":83,"ti":[0,0],"to":[0,0]},{"o":{"x":0.167,"y":0.167},"i":{"x":0.833,"y":0.833},"s":[379.502,218.131],"t":94,"ti":[-8.186,8.114],"to":[8.186,-8.114]},{"s":[428.618,169.445],"t":102}],"ix":2},"r":{"a":0,"k":0,"ix":6},"sa":{"a":0,"k":0,"ix":5},"o":{"a":0,"k":100,"ix":7}}]},{"ty":"gr","bm":0,"hd":false,"mn":"ADBE Vector Group","nm":"Grupo 4","ix":4,"cix":2,"np":2,"it":[{"ty":"sh","bm":0,"hd":false,"mn":"ADBE Vector Shape - Group","nm":"Trazado 1","ix":1,"d":1,"ks":{"a":0,"k":{"c":true,"i":[[0,26.816],[-26.815,0],[0,-26.812],[26.816,0]],"o":[[0,-26.812],[26.816,0],[0,26.816],[-26.815,0]],"v":[[-48.554,-0.002],[0,-48.553],[48.554,-0.002],[0,48.553]]},"ix":2}},{"ty":"fl","bm":0,"hd":false,"mn":"ADBE Vector Graphic - Fill","nm":"Relleno 1","c":{"a":0,"k":[0.4235,0.4588,0.4902],"ix":4},"r":1,"o":{"a":0,"k":100,"ix":5}},{"ty":"tr","a":{"a":0,"k":[0,0],"ix":1},"s":{"a":0,"k":[100,100],"ix":3},"sk":{"a":0,"k":0,"ix":4},"p":{"a":1,"k":[{"o":{"x":0.167,"y":0.167},"i":{"x":0.833,"y":0.833},"s":[163.306,169.523],"t":8,"ti":[-8.001,-8.114],"to":[8.001,8.114]},{"o":{"x":0.167,"y":0.167},"i":{"x":0.833,"y":0.833},"s":[211.313,218.206],"t":16,"ti":[0,0],"to":[0,0]},{"o":{"x":0.167,"y":0.167},"i":{"x":0.833,"y":0.833},"s":[211.313,218.206],"t":27,"ti":[8.001,8.114],"to":[-8.001,-8.114]},{"o":{"x":0.167,"y":0.167},"i":{"x":0.833,"y":0.833},"s":[163.306,169.523],"t":35,"ti":[0,0],"to":[0,0]},{"o":{"x":0.167,"y":0.167},"i":{"x":0.833,"y":0.833},"s":[163.306,169.523],"t":75,"ti":[-8.001,-8.114],"to":[8.001,8.114]},{"o":{"x":0.167,"y":0.167},"i":{"x":0.833,"y":0.833},"s":[211.313,218.206],"t":83,"ti":[0,0],"to":[0,0]},{"o":{"x":0.167,"y":0.167},"i":{"x":0.833,"y":0.833},"s":[211.313,218.206],"t":94,"ti":[8.001,8.114],"to":[-8.001,-8.114]},{"s":[163.306,169.523],"t":102}],"ix":2},"r":{"a":0,"k":0,"ix":6},"sa":{"a":0,"k":0,"ix":5},"o":{"a":0,"k":100,"ix":7}}]}],"ind":3,"parent":1}],"v":"4.8.0","fr":30,"op":120,"ip":0,"assets":[]}