{"nm":"Comp 2","ddd":0,"h":300,"w":300,"meta":{"g":"@lottiefiles/toolkit-js 0.26.1"},"layers":[{"ty":4,"nm":"Shape Layer 1","sr":1,"st":0,"op":2092,"ip":0,"hd":false,"ddd":0,"bm":0,"hasMask":false,"ao":0,"ks":{"a":{"a":0,"k":[2,-8,0],"ix":1},"s":{"a":0,"k":[100,100,100],"ix":6},"sk":{"a":0,"k":0},"p":{"a":0,"k":[150,149.5,0],"ix":2},"r":{"a":0,"k":0,"ix":10},"sa":{"a":0,"k":0},"o":{"a":0,"k":100,"ix":11}},"ef":[],"shapes":[{"ty":"gr","bm":0,"hd":false,"mn":"ADBE Vector Group","nm":"Ellipse 1","ix":1,"cix":2,"np":3,"it":[{"ty":"el","bm":0,"hd":false,"mn":"ADBE Vector Shape - Ellipse","nm":"Ellipse Path 1","d":1,"p":{"a":0,"k":[0,0],"ix":3},"s":{"a":0,"k":[164,164],"ix":2}},{"ty":"st","bm":0,"hd":false,"mn":"ADBE Vector Graphic - Stroke","nm":"Stroke 1","lc":2,"lj":1,"ml":4,"o":{"a":0,"k":100,"ix":4},"w":{"a":0,"k":15,"ix":5},"c":{"a":0,"k":[0.251,0.6196,1],"ix":3}},{"ty":"tr","a":{"a":0,"k":[0,0],"ix":1},"s":{"a":0,"k":[112.45,112.45],"ix":3},"sk":{"a":0,"k":0,"ix":4},"p":{"a":0,"k":[2,-8],"ix":2},"r":{"a":0,"k":0,"ix":6},"sa":{"a":0,"k":0,"ix":5},"o":{"a":0,"k":100,"ix":7}}]},{"ty":"tm","bm":0,"hd":false,"mn":"ADBE Vector Filter - Trim","nm":"Trim Paths 1","ix":2,"e":{"a":1,"k":[{"o":{"x":0.45,"y":0},"i":{"x":0.55,"y":1},"s":[0],"t":0},{"s":[100],"t":37}],"ix":2},"o":{"a":1,"k":[{"o":{"x":0.45,"y":0},"i":{"x":0.55,"y":1},"s":[0],"t":0},{"o":{"x":0.167,"y":0},"i":{"x":0.49,"y":1},"s":[222],"t":37},{"o":{"x":0.51,"y":0},"i":{"x":0.49,"y":1},"s":[222],"t":120},{"s":[444],"t":150}],"ix":3},"s":{"a":1,"k":[{"o":{"x":0.51,"y":0},"i":{"x":0.49,"y":1},"s":[0],"t":120},{"s":[100],"t":150}],"ix":1},"m":1}],"ind":1},{"ty":4,"nm":"Shape Layer 2","sr":1,"st":0,"op":2092,"ip":0,"hd":false,"ddd":0,"bm":0,"hasMask":false,"ao":0,"ks":{"a":{"a":0,"k":[-0.75,-33.25,0],"ix":1},"s":{"a":0,"k":[106,106,100],"ix":6},"sk":{"a":0,"k":0},"p":{"a":1,"k":[{"o":{"x":0.51,"y":0},"i":{"x":0.49,"y":1},"s":[26.25,-120.668,0],"t":34,"ti":[0,3.16666674613953,0],"to":[0,-3.16666674613953,0]},{"o":{"x":0.167,"y":0.167},"i":{"x":0.49,"y":0.49},"s":[26.25,-139.668,0],"t":54,"ti":[0,0,0],"to":[0,0,0]},{"o":{"x":0.167,"y":0},"i":{"x":0.833,"y":1},"s":[26.25,-139.668,0],"t":112,"ti":[0,-3.16666674613953,0],"to":[0,3.16666674613953,0]},{"s":[26.25,-120.668,0],"t":132}],"ix":2},"r":{"a":0,"k":0,"ix":10},"sa":{"a":0,"k":0},"o":{"a":0,"k":100,"ix":11}},"ef":[],"shapes":[{"ty":"gr","bm":0,"hd":false,"mn":"ADBE Vector Group","nm":"Ellipse 1","ix":1,"cix":2,"np":3,"it":[{"ty":"el","bm":0,"hd":false,"mn":"ADBE Vector Shape - Ellipse","nm":"Ellipse Path 1","d":1,"p":{"a":0,"k":[0,0],"ix":3},"s":{"a":0,"k":[68.5,68.5],"ix":2}},{"ty":"fl","bm":0,"hd":false,"mn":"ADBE Vector Graphic - Fill","nm":"Fill 1","c":{"a":0,"k":[0.251,0.6196,1],"ix":4},"r":1,"o":{"a":0,"k":100,"ix":5}},{"ty":"tr","a":{"a":0,"k":[0,0],"ix":1},"s":{"a":0,"k":[100,100],"ix":3},"sk":{"a":0,"k":0,"ix":4},"p":{"a":0,"k":[-0.75,-33.25],"ix":2},"r":{"a":0,"k":0,"ix":6},"sa":{"a":0,"k":0,"ix":5},"o":{"a":0,"k":100,"ix":7}}]}],"ind":2,"parent":3},{"ty":4,"nm":"Shape Layer 3","sr":1,"st":0,"op":2092,"ip":0,"hd":false,"ddd":0,"bm":0,"hasMask":false,"ao":0,"ks":{"a":{"a":0,"k":[26.25,-5.43,0],"ix":1},"s":{"a":1,"k":[{"o":{"x":0.51,"y":0},"i":{"x":0.49,"y":1},"s":[0,0,100],"t":28},{"o":{"x":0.51,"y":0},"i":{"x":0.49,"y":1},"s":[66.795,66.795,100],"t":48},{"o":{"x":0.51,"y":0},"i":{"x":0.49,"y":1},"s":[66.795,66.795,100],"t":116},{"s":[0,0,100],"t":136}],"ix":6},"sk":{"a":0,"k":0},"p":{"a":1,"k":[{"o":{"x":0.51,"y":0},"i":{"x":0.49,"y":1},"s":[150,245.165,0],"t":28,"ti":[0,5.83333349227905,0],"to":[0,-5.83333349227905,0]},{"o":{"x":0.51,"y":0.51},"i":{"x":0.49,"y":0.49},"s":[150,210.165,0],"t":48,"ti":[0,0,0],"to":[0,0,0]},{"o":{"x":0.51,"y":0},"i":{"x":0.49,"y":1},"s":[150,210.165,0],"t":116,"ti":[0,-5.83333349227905,0],"to":[0,5.83333349227905,0]},{"s":[150,245.165,0],"t":136}],"ix":2},"r":{"a":0,"k":0,"ix":10},"sa":{"a":0,"k":0},"o":{"a":0,"k":100,"ix":11}},"ef":[],"shapes":[{"ty":"gr","bm":0,"hd":false,"mn":"ADBE Vector Group","nm":"Ellipse 1","ix":1,"cix":2,"np":3,"it":[{"ty":"sh","bm":0,"hd":false,"mn":"ADBE Vector Shape - Group","nm":"Path 1","ix":1,"d":1,"ks":{"a":0,"k":{"c":true,"i":[[-35.76,0],[0,-35.76],[0,35.76]],"o":[[35.76,0],[0,35.76],[0,-35.76]],"v":[[0,-64.75],[64.75,0],[-64.75,0]]},"ix":2}},{"ty":"fl","bm":0,"hd":false,"mn":"ADBE Vector Graphic - Fill","nm":"Fill 1","c":{"a":0,"k":[0.251,0.6196,1],"ix":4},"r":1,"o":{"a":0,"k":100,"ix":5}},{"ty":"tr","a":{"a":0,"k":[0,0],"ix":1},"s":{"a":0,"k":[100,100],"ix":3},"sk":{"a":0,"k":0,"ix":4},"p":{"a":0,"k":[26.25,-32.25],"ix":2},"r":{"a":0,"k":0,"ix":6},"sa":{"a":0,"k":0,"ix":5},"o":{"a":0,"k":100,"ix":7}}]}],"ind":3}],"v":"5.1.20","fr":30,"op":150,"ip":0,"assets":[]}